-- Customer Table
insert into Customer (ID, FirstName, LastName, Email, Phone) values (1, 'Silva', 'Sweetnam', 'ssweetnam0@webmd.com', '1525686065');
insert into Customer (ID, FirstName, LastName, Email, Phone) values (2, 'Rici', 'Hartnell', 'rhartnell1@fastcompany.com', '4743951252');
insert into Customer (ID, FirstName, LastName, Email, Phone) values (3, 'Wain', 'Andriveau', 'wandriveau2@printfriendly.com', '6505056628');
insert into Customer (ID, FirstName, LastName, Email, Phone) values (4, 'Robenia', 'Freund', 'rfreund3@usnews.com', '6237483718');
insert into Customer (ID, FirstName, LastName, Email, Phone) values (5, 'Tomas', 'Ligertwood', 'tligertwood4@webs.com', '8042059439');
insert into Customer (ID, FirstName, LastName, Email, Phone) values (6, 'Gerhardine', 'Keems', 'gkeems5@trellian.com', '9573701991');
insert into Customer (ID, FirstName, LastName, Email, Phone) values (7, 'Nelie', 'Clempton', 'nclempton6@dedecms.com', '8322011652');
insert into Customer (ID, FirstName, LastName, Email, Phone) values (8, 'Goldy', 'Mithon', 'gmithon7@networksolutions.com', '8484250401');
insert into Customer (ID, FirstName, LastName, Email, Phone) values (9, 'Meaghan', 'Sexstone', 'msexstone8@behance.net', '2887978716');
insert into Customer (ID, FirstName, LastName, Email, Phone) values (10, 'Camey', 'Gonsalo', 'cgonsalo9@bandcamp.com', '3066710654');
insert into Customer (ID, FirstName, LastName, Email, Phone) values (11, 'Carlota', 'Sarfass', 'csarfassa@drupal.org', '4799299113');
insert into Customer (ID, FirstName, LastName, Email, Phone) values (12, 'Lutero', 'Amies', 'lamiesb@sfgate.com', '9783309096');
insert into Customer (ID, FirstName, LastName, Email, Phone) values (13, 'Kamillah', 'Mulchrone', 'kmulchronec@soup.io', '7325623391');
insert into Customer (ID, FirstName, LastName, Email, Phone) values (14, 'Damiano', 'Branton', 'dbrantond@wunderground.com', '3258991841');
insert into Customer (ID, FirstName, LastName, Email, Phone) values (15, 'Loraine', 'Barfoot', 'lbarfoote@baidu.com', '2487028604');
insert into Customer (ID, FirstName, LastName, Email, Phone) values (16, 'Shurwood', 'Drugan', 'sdruganf@sina.com.cn', '7234134391');
insert into Customer (ID, FirstName, LastName, Email, Phone) values (17, 'Amalie', 'Axe', 'aaxeg@altervista.org', '2695260833');
insert into Customer (ID, FirstName, LastName, Email, Phone) values (18, 'Seline', 'Kordovani', 'skordovanih@apple.com', '7169069984');
insert into Customer (ID, FirstName, LastName, Email, Phone) values (19, 'Eliza', 'Tunbridge', 'etunbridgei@ustream.tv', '1664600353');
insert into Customer (ID, FirstName, LastName, Email, Phone) values (20, 'Aimil', 'Jansa', 'ajansaj@hugedomains.com', '4258569674');
insert into Customer (ID, FirstName, LastName, Email, Phone) values (21, 'Courtney', 'Proppers', 'cproppersk@washingtonpost.com', '8281069611');
insert into Customer (ID, FirstName, LastName, Email, Phone) values (22, 'Findley', 'Summerbell', 'fsummerbelll@ihg.com', '5179337168');
insert into Customer (ID, FirstName, LastName, Email, Phone) values (23, 'Dom', 'Oldall', 'doldallm@wikipedia.org', '3804629746');
insert into Customer (ID, FirstName, LastName, Email, Phone) values (24, 'Dennis', 'Orteaux', 'dorteauxn@meetup.com', '3901882842');
insert into Customer (ID, FirstName, LastName, Email, Phone) values (25, 'Lizzy', 'Broszkiewicz', 'lbroszkiewiczo@mac.com', '9583585739');
insert into Customer (ID, FirstName, LastName, Email, Phone) values (26, 'Margot', 'Humphris', 'mhumphrisp@google.pl', '2941070432');
insert into Customer (ID, FirstName, LastName, Email, Phone) values (27, 'Tamarra', 'Paten', 'tpatenq@fotki.com', '4808500644');
insert into Customer (ID, FirstName, LastName, Email, Phone) values (28, 'Jami', 'Ruby', 'jrubyr@mtv.com', '2079081218');
insert into Customer (ID, FirstName, LastName, Email, Phone) values (29, 'Shurlocke', 'Giovannacci', 'sgiovannaccis@mysql.com', '8251528759');
insert into Customer (ID, FirstName, LastName, Email, Phone) values (30, 'Gayle', 'Hanson', 'ghansont@spiegel.de', '5844233935');
insert into Customer (ID, FirstName, LastName, Email, Phone) values (31, 'Rudie', 'Arno', 'rarnou@ed.gov', '8972125778');
insert into Customer (ID, FirstName, LastName, Email, Phone) values (32, 'Ruben', 'Branche', 'rbranchev@nasa.gov', '3259268636');
insert into Customer (ID, FirstName, LastName, Email, Phone) values (33, 'Deanna', 'Fillingham', 'dfillinghamw@webnode.com', '2371079646');
insert into Customer (ID, FirstName, LastName, Email, Phone) values (34, 'Aldis', 'McPhater', 'amcphaterx@yale.edu', '5625234223');
insert into Customer (ID, FirstName, LastName, Email, Phone) values (35, 'Amery', 'Aireton', 'aairetony@geocities.jp', '8911669974');
insert into Customer (ID, FirstName, LastName, Email, Phone) values (36, 'Lynne', 'Diamond', 'ldiamondz@mozilla.org', '9043165213');
insert into Customer (ID, FirstName, LastName, Email, Phone) values (37, 'Doralin', 'Danielski', 'ddanielski10@google.com.br', '4681087957');
insert into Customer (ID, FirstName, LastName, Email, Phone) values (38, 'Josh', 'Brouncker', 'jbrouncker11@archive.org', '2708355030');
insert into Customer (ID, FirstName, LastName, Email, Phone) values (39, 'Ame', 'Yeld', 'ayeld12@paypal.com', '8954965274');
insert into Customer (ID, FirstName, LastName, Email, Phone) values (40, 'Khalil', 'McGlew', 'kmcglew13@yahoo.com', '5979097908');
insert into Customer (ID, FirstName, LastName, Email, Phone) values (41, 'Ferd', 'Jacobi', 'fjacobi14@tripod.com', '7486629808');
insert into Customer (ID, FirstName, LastName, Email, Phone) values (42, 'Staci', 'Oxshott', 'soxshott15@live.com', '3362534658');
insert into Customer (ID, FirstName, LastName, Email, Phone) values (43, 'Gordie', 'Padginton', 'gpadginton16@printfriendly.com', '4057583219');
insert into Customer (ID, FirstName, LastName, Email, Phone) values (44, 'Allyson', 'Clist', 'aclist17@ycombinator.com', '5795689237');
insert into Customer (ID, FirstName, LastName, Email, Phone) values (45, 'Angus', 'Wyllis', 'awyllis18@slashdot.org', '6078788121');
insert into Customer (ID, FirstName, LastName, Email, Phone) values (46, 'Corilla', 'Dudenie', 'cdudenie19@aboutads.info', '9011621670');
insert into Customer (ID, FirstName, LastName, Email, Phone) values (47, 'Jenda', 'Hannaford', 'jhannaford1a@exblog.jp', '6041694047');
insert into Customer (ID, FirstName, LastName, Email, Phone) values (48, 'Nikos', 'St. Queintain', 'nstqueintain1b@google.nl', '8916954879');
insert into Customer (ID, FirstName, LastName, Email, Phone) values (49, 'Cazzie', 'Reeveley', 'creeveley1c@paginegialle.it', '6843125486');
insert into Customer (ID, FirstName, LastName, Email, Phone) values (50, 'Jecho', 'Hannah', 'jhannah1d@fotki.com', '5932890553');
insert into Customer (ID, FirstName, LastName, Email, Phone) values (51, 'Dasha', 'Bissex', 'dbissex1e@topsy.com', '6275982575');
insert into Customer (ID, FirstName, LastName, Email, Phone) values (52, 'Miriam', 'Jeskin', 'mjeskin1f@youtu.be', '6897401739');
insert into Customer (ID, FirstName, LastName, Email, Phone) values (53, 'Jody', 'Fright', 'jfright1g@sciencedaily.com', '1939446508');
insert into Customer (ID, FirstName, LastName, Email, Phone) values (54, 'Kate', 'Swalwell', 'kswalwell1h@canalblog.com', '6084866602');
insert into Customer (ID, FirstName, LastName, Email, Phone) values (55, 'Wright', 'Hellin', 'whellin1i@yahoo.co.jp', '9979092583');
insert into Customer (ID, FirstName, LastName, Email, Phone) values (56, 'Richard', 'Dunbobbin', 'rdunbobbin1j@merriam-webster.com', '1312572369');
insert into Customer (ID, FirstName, LastName, Email, Phone) values (57, 'Delmer', 'Tuberfield', 'dtuberfield1k@hostgator.com', '3796750005');
insert into Customer (ID, FirstName, LastName, Email, Phone) values (58, 'Redd', 'Woodyeare', 'rwoodyeare1l@smugmug.com', '2904317490');
insert into Customer (ID, FirstName, LastName, Email, Phone) values (59, 'Zeke', 'Mancer', 'zmancer1m@php.net', '8801631407');
insert into Customer (ID, FirstName, LastName, Email, Phone) values (60, 'Felisha', 'Colville', 'fcolville1n@google.nl', '5013503690');
insert into Customer (ID, FirstName, LastName, Email, Phone) values (61, 'Pollyanna', 'Rulton', 'prulton1o@msu.edu', '2551815414');
insert into Customer (ID, FirstName, LastName, Email, Phone) values (62, 'Max', 'Measor', 'mmeasor1p@google.co.jp', '5077977546');
insert into Customer (ID, FirstName, LastName, Email, Phone) values (63, 'Emery', 'Boow', 'eboow1q@nydailynews.com', '8413674043');
insert into Customer (ID, FirstName, LastName, Email, Phone) values (64, 'Goran', 'Calken', 'gcalken1r@geocities.com', '4898659612');
insert into Customer (ID, FirstName, LastName, Email, Phone) values (65, 'Renato', 'Swaine', 'rswaine1s@hhs.gov', '7029955111');
insert into Customer (ID, FirstName, LastName, Email, Phone) values (66, 'Burty', 'Roft', 'broft1t@sfgate.com', '5967202851');
insert into Customer (ID, FirstName, LastName, Email, Phone) values (67, 'Gwenny', 'Phillimore', 'gphillimore1u@intel.com', '7905147430');
insert into Customer (ID, FirstName, LastName, Email, Phone) values (68, 'Regan', 'Moland', 'rmoland1v@hibu.com', '2016274280');
insert into Customer (ID, FirstName, LastName, Email, Phone) values (69, 'Auberon', 'Escale', 'aescale1w@imageshack.us', '1807702376');
insert into Customer (ID, FirstName, LastName, Email, Phone) values (70, 'Mace', 'Fruser', 'mfruser1x@unblog.fr', '6766546984');
insert into Customer (ID, FirstName, LastName, Email, Phone) values (71, 'Laureen', 'Camden', 'lcamden1y@npr.org', '1583135700');
insert into Customer (ID, FirstName, LastName, Email, Phone) values (72, 'Kalil', 'Waycot', 'kwaycot1z@yahoo.co.jp', '8823554118');
insert into Customer (ID, FirstName, LastName, Email, Phone) values (73, 'Rhody', 'Yeo', 'ryeo20@springer.com', '9456489395');
insert into Customer (ID, FirstName, LastName, Email, Phone) values (74, 'Amargo', 'Gian', 'agian21@uol.com.br', '2497362972');
insert into Customer (ID, FirstName, LastName, Email, Phone) values (75, 'Padraig', 'O''Lagen', 'polagen22@nymag.com', '1213504445');
insert into Customer (ID, FirstName, LastName, Email, Phone) values (76, 'Dana', 'Sowley', 'dsowley23@livejournal.com', '9649932530');
insert into Customer (ID, FirstName, LastName, Email, Phone) values (77, 'Silvia', 'Nanelli', 'snanelli24@virginia.edu', '4739213905');
insert into Customer (ID, FirstName, LastName, Email, Phone) values (78, 'Marv', 'Foltin', 'mfoltin25@fotki.com', '7042084560');
insert into Customer (ID, FirstName, LastName, Email, Phone) values (79, 'Elizabet', 'Fudger', 'efudger26@phoca.cz', '4331671368');
insert into Customer (ID, FirstName, LastName, Email, Phone) values (80, 'Alyson', 'Ryland', 'aryland27@paginegialle.it', '3502208792');
insert into Customer (ID, FirstName, LastName, Email, Phone) values (81, 'Alejandrina', 'Pavic', 'apavic28@si.edu', '8495512392');
insert into Customer (ID, FirstName, LastName, Email, Phone) values (82, 'Sophie', 'Anscombe', 'sanscombe29@pagesperso-orange.fr', '2205177513');
insert into Customer (ID, FirstName, LastName, Email, Phone) values (83, 'Lincoln', 'Gook', 'lgook2a@yale.edu', '8413539306');
insert into Customer (ID, FirstName, LastName, Email, Phone) values (84, 'Sheela', 'Curry', 'scurry2b@163.com', '6879943184');
insert into Customer (ID, FirstName, LastName, Email, Phone) values (85, 'Weber', 'Menichillo', 'wmenichillo2c@bloglovin.com', '6916465868');
insert into Customer (ID, FirstName, LastName, Email, Phone) values (86, 'Hamid', 'Billyeald', 'hbillyeald2d@yellowpages.com', '3524672306');
insert into Customer (ID, FirstName, LastName, Email, Phone) values (87, 'Rea', 'Coopper', 'rcoopper2e@auda.org.au', '2697426341');
insert into Customer (ID, FirstName, LastName, Email, Phone) values (88, 'Hollis', 'Screas', 'hscreas2f@xing.com', '5667872459');
insert into Customer (ID, FirstName, LastName, Email, Phone) values (89, 'Sosanna', 'Raubheim', 'sraubheim2g@techcrunch.com', '9157968694');
insert into Customer (ID, FirstName, LastName, Email, Phone) values (90, 'Terence', 'Grundwater', 'tgrundwater2h@rakuten.co.jp', '5237171563');
insert into Customer (ID, FirstName, LastName, Email, Phone) values (91, 'Roderic', 'Blaker', 'rblaker2i@blogtalkradio.com', '4479439818');
insert into Customer (ID, FirstName, LastName, Email, Phone) values (92, 'Robinet', 'Durbridge', 'rdurbridge2j@multiply.com', '6138213649');
insert into Customer (ID, FirstName, LastName, Email, Phone) values (93, 'Kendrick', 'Panchen', 'kpanchen2k@topsy.com', '6872185382');
insert into Customer (ID, FirstName, LastName, Email, Phone) values (94, 'Charity', 'Penvarne', 'cpenvarne2l@artisteer.com', '4487381879');
insert into Customer (ID, FirstName, LastName, Email, Phone) values (95, 'Feodora', 'Matveichev', 'fmatveichev2m@jalbum.net', '3208473837');
insert into Customer (ID, FirstName, LastName, Email, Phone) values (96, 'Tish', 'Curl', 'tcurl2n@dagondesign.com', '9974767567');
insert into Customer (ID, FirstName, LastName, Email, Phone) values (97, 'Evita', 'Theseira', 'etheseira2o@zdnet.com', '5198447355');
insert into Customer (ID, FirstName, LastName, Email, Phone) values (98, 'Teriann', 'Cocci', 'tcocci2p@bing.com', '2202171028');
insert into Customer (ID, FirstName, LastName, Email, Phone) values (99, 'Jenny', 'Fairhurst', 'jfairhurst2q@pcworld.com', '2231521303');
insert into Customer (ID, FirstName, LastName, Email, Phone) values (100, 'Burnaby', 'Cauley', 'bcauley2r@ucsd.edu', '1255989251');

-- Employee Table
insert into Employee (ID, FirstName, LastName, Email, Phone, Birthdate, Address, City, State, Zip, Country, SSN) values (1, 'Virgina', 'Soots', 'vsoots0@merriam-webster.com', '8327388974', '1986-12-11', '2 Buell Plaza', 'Houston', 'TX', '77040', 'United States', 820669785);
insert into Employee (ID, FirstName, LastName, Email, Phone, Birthdate, Address, City, State, Zip, Country, SSN) values (2, 'Ulick', 'Shallcross', 'ushallcross1@globo.com', '5083307000', '1993-11-19', '2726 Buell Hill', 'New Bedford', 'MA', '02745', 'United States', 968720687);
insert into Employee (ID, FirstName, LastName, Email, Phone, Birthdate, Address, City, State, Zip, Country, SSN) values (3, 'Eugenio', 'Boggish', 'eboggish2@blogtalkradio.com', '8501927856', '1991-08-26', '74 Russell Hill', 'Pensacola', 'FL', '32595', 'United States', 984044109);
insert into Employee (ID, FirstName, LastName, Email, Phone, Birthdate, Address, City, State, Zip, Country, SSN) values (4, 'Brooke', 'Gordon', 'bgordon3@foxnews.com', '4049298173', '1986-06-10', '7 Springview Drive', 'Atlanta', 'GA', '30386', 'United States', 267720643);
insert into Employee (ID, FirstName, LastName, Email, Phone, Birthdate, Address, City, State, Zip, Country, SSN) values (5, 'Ivy', 'Seston', 'iseston4@ebay.co.uk', '7637159951', '1989-04-12', '29595 Westend Alley', 'Loretto', 'MN', '55598', 'United States', 462964081);
insert into Employee (ID, FirstName, LastName, Email, Phone, Birthdate, Address, City, State, Zip, Country, SSN) values (6, 'Daffy', 'Pizey', 'dpizey5@t.co', '8069291383', '1985-09-14', '21 Talmadge Lane', 'Amarillo', 'TX', '79116', 'United States', 887272113);
insert into Employee (ID, FirstName, LastName, Email, Phone, Birthdate, Address, City, State, Zip, Country, SSN) values (7, 'Adrienne', 'Lawes', 'alawes6@cbc.ca', '6027771583', '1996-07-20', '9341 Thackeray Hill', 'Phoenix', 'AZ', '85035', 'United States', 392064099);
insert into Employee (ID, FirstName, LastName, Email, Phone, Birthdate, Address, City, State, Zip, Country, SSN) values (8, 'Carson', 'Landes', 'clandes7@clickbank.net', '3046224296', '1980-08-28', '1 Dennis Way', 'Morgantown', 'WV', '26505', 'United States', 716997778);
insert into Employee (ID, FirstName, LastName, Email, Phone, Birthdate, Address, City, State, Zip, Country, SSN) values (9, 'Gunter', 'Ayling', 'gayling8@webnode.com', '9162457610', '1980-06-10', '0 Portage Plaza', 'Sacramento', 'CA', '94257', 'United States', 787827034);
insert into Employee (ID, FirstName, LastName, Email, Phone, Birthdate, Address, City, State, Zip, Country, SSN) values (10, 'Theo', 'Kisbey', 'tkisbey9@theatlantic.com', '6171425832', '1986-03-17', '254 Dwight Circle', 'Boston', 'MA', '02208', 'United States', 781519087);
insert into Employee (ID, FirstName, LastName, Email, Phone, Birthdate, Address, City, State, Zip, Country, SSN) values (11, 'Leo', 'Kisbey', 'lkisbey9@theatlantic.com', '6171425833', '1986-03-18', '254 Dwight Circle', 'Boston', 'MA', '02208', 'United States', 781519088);

-- Shop Table
insert into Shop (ID, Name) 
	values (1, "Brenda's Home Bakery");
insert into Shop (ID, Name) 
	values (2, "Brenda's Pastries");
insert into Shop (ID, Name) 
	values (3, "Brenda's Organic Bakery");
insert into Shop (ID, Name) 
	values (4, "Brenda's Gluten Free Bakery");
insert into Shop (ID, Name) 
	values (5, "Brenda's Organic Pastries");
insert into Shop (ID, Name) 
	values (6, "Brenda's Magic Bakery");
insert into Shop (ID, Name) 
	values (7, "Brenda's Past Bakery");
insert into Shop (ID, Name) 
	values (8, "Brenda's Present Bakery");
insert into Shop (ID, Name) 
	values (9, "Brenda's Future Bakery");
insert into Shop (ID, Name) 
	values (10, "Brenda's Space Bakery");

-- Sale Table
insert into Sale (ID, Date, CustomerID, EmployeeID, ShopID) values (1, '2003-01-27', 3, 8, 4);
insert into Sale (ID, Date, CustomerID, EmployeeID, ShopID) values (2, '2013-09-17', 54, 3, 5);
insert into Sale (ID, Date, CustomerID, EmployeeID, ShopID) values (3, '2014-01-16', 33, 4, 4);
insert into Sale (ID, Date, CustomerID, EmployeeID, ShopID) values (4, '2005-08-30', 2, 5, 9);
insert into Sale (ID, Date, CustomerID, EmployeeID, ShopID) values (5, '2005-08-05', 71, 3, 8);
insert into Sale (ID, Date, CustomerID, EmployeeID, ShopID) values (6, '2016-07-16', 60, 1, 3);
insert into Sale (ID, Date, CustomerID, EmployeeID, ShopID) values (7, '1998-09-28', 43, 9, 3);
insert into Sale (ID, Date, CustomerID, EmployeeID, ShopID) values (8, '2004-02-04', 71, 2, 4);
insert into Sale (ID, Date, CustomerID, EmployeeID, ShopID) values (9, '1997-09-28', 85, 2, 1);
insert into Sale (ID, Date, CustomerID, EmployeeID, ShopID) values (10, '1997-03-15', 49, 6, 9);
insert into Sale (ID, Date, CustomerID, EmployeeID, ShopID) values (11, '2006-06-18', 44, 5, 2);
insert into Sale (ID, Date, CustomerID, EmployeeID, ShopID) values (12, '2002-02-12', 54, 3, 4);
insert into Sale (ID, Date, CustomerID, EmployeeID, ShopID) values (13, '2007-11-16', 20, 7, 5);
insert into Sale (ID, Date, CustomerID, EmployeeID, ShopID) values (14, '2005-04-24', 34, 2, 8);
insert into Sale (ID, Date, CustomerID, EmployeeID, ShopID) values (15, '2015-07-06', 18, 5, 4);
insert into Sale (ID, Date, CustomerID, EmployeeID, ShopID) values (16, '1997-11-20', 16, 4, 1);
insert into Sale (ID, Date, CustomerID, EmployeeID, ShopID) values (17, '2012-10-06', 66, 9, 8);
insert into Sale (ID, Date, CustomerID, EmployeeID, ShopID) values (18, '2013-09-12', 41, 9, 6);
insert into Sale (ID, Date, CustomerID, EmployeeID, ShopID) values (19, '2004-04-15', 59, 10, 1);
insert into Sale (ID, Date, CustomerID, EmployeeID, ShopID) values (20, '2001-05-13', 12, 10, 5);
insert into Sale (ID, Date, CustomerID, EmployeeID, ShopID) values (21, '2008-02-13', 64, 8, 3);
insert into Sale (ID, Date, CustomerID, EmployeeID, ShopID) values (22, '2000-01-14', 14, 2, 6);
insert into Sale (ID, Date, CustomerID, EmployeeID, ShopID) values (23, '2004-02-02', 50, 9, 4);
insert into Sale (ID, Date, CustomerID, EmployeeID, ShopID) values (24, '2005-08-09', 38, 8, 4);
insert into Sale (ID, Date, CustomerID, EmployeeID, ShopID) values (25, '2016-08-25', 94, 1, 1);
insert into Sale (ID, Date, CustomerID, EmployeeID, ShopID) values (26, '2003-09-25', 64, 6, 7);
insert into Sale (ID, Date, CustomerID, EmployeeID, ShopID) values (27, '1999-11-29', 15, 6, 10);
insert into Sale (ID, Date, CustomerID, EmployeeID, ShopID) values (28, '2010-05-18', 6, 9, 6);
insert into Sale (ID, Date, CustomerID, EmployeeID, ShopID) values (29, '2002-04-09', 34, 4, 9);
insert into Sale (ID, Date, CustomerID, EmployeeID, ShopID) values (30, '2000-12-02', 24, 8, 1);
insert into Sale (ID, Date, CustomerID, EmployeeID, ShopID) values (31, '1999-09-20', 11, 5, 4);
insert into Sale (ID, Date, CustomerID, EmployeeID, ShopID) values (32, '2002-11-05', 70, 1, 4);
insert into Sale (ID, Date, CustomerID, EmployeeID, ShopID) values (33, '2011-01-24', 82, 2, 6);
insert into Sale (ID, Date, CustomerID, EmployeeID, ShopID) values (34, '1998-05-31', 45, 1, 2);
insert into Sale (ID, Date, CustomerID, EmployeeID, ShopID) values (35, '2013-05-22', 63, 5, 4);
insert into Sale (ID, Date, CustomerID, EmployeeID, ShopID) values (36, '2017-02-17', 97, 5, 5);
insert into Sale (ID, Date, CustomerID, EmployeeID, ShopID) values (37, '2010-08-04', 48, 3, 9);
insert into Sale (ID, Date, CustomerID, EmployeeID, ShopID) values (38, '1997-11-24', 99, 2, 6);
insert into Sale (ID, Date, CustomerID, EmployeeID, ShopID) values (39, '2004-01-12', 72, 5, 10);
insert into Sale (ID, Date, CustomerID, EmployeeID, ShopID) values (40, '2008-11-02', 20, 4, 1);
insert into Sale (ID, Date, CustomerID, EmployeeID, ShopID) values (41, '2001-07-28', 33, 7, 2);
insert into Sale (ID, Date, CustomerID, EmployeeID, ShopID) values (42, '2014-10-18', 26, 3, 9);
insert into Sale (ID, Date, CustomerID, EmployeeID, ShopID) values (43, '2013-08-06', 56, 1, 3);
insert into Sale (ID, Date, CustomerID, EmployeeID, ShopID) values (44, '2011-06-15', 48, 5, 10);
insert into Sale (ID, Date, CustomerID, EmployeeID, ShopID) values (45, '2016-06-15', 74, 3, 2);
insert into Sale (ID, Date, CustomerID, EmployeeID, ShopID) values (46, '2016-11-09', 29, 1, 9);
insert into Sale (ID, Date, CustomerID, EmployeeID, ShopID) values (47, '1997-05-11', 45, 3, 5);
insert into Sale (ID, Date, CustomerID, EmployeeID, ShopID) values (48, '2005-08-24', 85, 10, 2);
insert into Sale (ID, Date, CustomerID, EmployeeID, ShopID) values (49, '2001-02-19', 20, 4, 10);
insert into Sale (ID, Date, CustomerID, EmployeeID, ShopID) values (50, '1997-10-31', 84, 3, 1);
insert into Sale (ID, Date, CustomerID, EmployeeID, ShopID) values (51, '1997-10-09', 56, 8, 8);
insert into Sale (ID, Date, CustomerID, EmployeeID, ShopID) values (52, '1997-12-02', 8, 4, 3);
insert into Sale (ID, Date, CustomerID, EmployeeID, ShopID) values (53, '2017-04-22', 65, 2, 2);
insert into Sale (ID, Date, CustomerID, EmployeeID, ShopID) values (54, '2002-04-29', 68, 10, 4);
insert into Sale (ID, Date, CustomerID, EmployeeID, ShopID) values (55, '1998-01-29', 62, 5, 8);
insert into Sale (ID, Date, CustomerID, EmployeeID, ShopID) values (56, '2016-02-04', 32, 8, 10);
insert into Sale (ID, Date, CustomerID, EmployeeID, ShopID) values (57, '2011-10-25', 87, 3, 4);
insert into Sale (ID, Date, CustomerID, EmployeeID, ShopID) values (58, '2000-01-05', 90, 6, 8);
insert into Sale (ID, Date, CustomerID, EmployeeID, ShopID) values (59, '1998-07-27', 77, 7, 7);
insert into Sale (ID, Date, CustomerID, EmployeeID, ShopID) values (60, '1999-10-12', 8, 2, 3);
insert into Sale (ID, Date, CustomerID, EmployeeID, ShopID) values (61, '2003-03-29', 59, 7, 3);
insert into Sale (ID, Date, CustomerID, EmployeeID, ShopID) values (62, '1998-02-10', 93, 9, 9);
insert into Sale (ID, Date, CustomerID, EmployeeID, ShopID) values (63, '2007-05-25', 71, 1, 6);
insert into Sale (ID, Date, CustomerID, EmployeeID, ShopID) values (64, '1997-01-05', 91, 9, 8);
insert into Sale (ID, Date, CustomerID, EmployeeID, ShopID) values (65, '2001-11-17', 74, 10, 5);
insert into Sale (ID, Date, CustomerID, EmployeeID, ShopID) values (66, '2017-04-18', 2, 3, 10);
insert into Sale (ID, Date, CustomerID, EmployeeID, ShopID) values (67, '2017-08-06', 88, 6, 10);
insert into Sale (ID, Date, CustomerID, EmployeeID, ShopID) values (68, '2000-04-15', 16, 1, 7);
insert into Sale (ID, Date, CustomerID, EmployeeID, ShopID) values (69, '2004-02-21', 72, 6, 5);
insert into Sale (ID, Date, CustomerID, EmployeeID, ShopID) values (70, '2006-10-01', 90, 5, 4);
insert into Sale (ID, Date, CustomerID, EmployeeID, ShopID) values (71, '2010-04-10', 93, 5, 9);
insert into Sale (ID, Date, CustomerID, EmployeeID, ShopID) values (72, '2009-05-07', 57, 6, 2);
insert into Sale (ID, Date, CustomerID, EmployeeID, ShopID) values (73, '2010-05-08', 11, 9, 4);
insert into Sale (ID, Date, CustomerID, EmployeeID, ShopID) values (74, '2006-07-28', 32, 5, 1);
insert into Sale (ID, Date, CustomerID, EmployeeID, ShopID) values (75, '2006-04-06', 91, 9, 7);
insert into Sale (ID, Date, CustomerID, EmployeeID, ShopID) values (76, '2004-07-12', 13, 7, 6);
insert into Sale (ID, Date, CustomerID, EmployeeID, ShopID) values (77, '2003-07-11', 41, 4, 7);
insert into Sale (ID, Date, CustomerID, EmployeeID, ShopID) values (78, '2017-09-16', 96, 8, 5);
insert into Sale (ID, Date, CustomerID, EmployeeID, ShopID) values (79, '2011-09-30', 86, 9, 1);
insert into Sale (ID, Date, CustomerID, EmployeeID, ShopID) values (80, '2001-04-07', 75, 1, 6);
insert into Sale (ID, Date, CustomerID, EmployeeID, ShopID) values (81, '1997-03-12', 31, 5, 5);
insert into Sale (ID, Date, CustomerID, EmployeeID, ShopID) values (82, '2004-08-06', 63, 7, 3);
insert into Sale (ID, Date, CustomerID, EmployeeID, ShopID) values (83, '2008-03-18', 92, 2, 6);
insert into Sale (ID, Date, CustomerID, EmployeeID, ShopID) values (84, '2012-08-16', 85, 5, 10);
insert into Sale (ID, Date, CustomerID, EmployeeID, ShopID) values (85, '2006-12-10', 7, 4, 10);
insert into Sale (ID, Date, CustomerID, EmployeeID, ShopID) values (86, '2004-09-13', 68, 7, 5);
insert into Sale (ID, Date, CustomerID, EmployeeID, ShopID) values (87, '1998-12-07', 62, 6, 7);
insert into Sale (ID, Date, CustomerID, EmployeeID, ShopID) values (88, '2004-12-19', 84, 6, 6);
insert into Sale (ID, Date, CustomerID, EmployeeID, ShopID) values (89, '2006-03-11', 15, 5, 4);
insert into Sale (ID, Date, CustomerID, EmployeeID, ShopID) values (90, '2017-09-25', 79, 7, 5);
insert into Sale (ID, Date, CustomerID, EmployeeID, ShopID) values (91, '2009-02-22', 37, 1, 7);
insert into Sale (ID, Date, CustomerID, EmployeeID, ShopID) values (92, '1997-11-21', 82, 4, 5);
insert into Sale (ID, Date, CustomerID, EmployeeID, ShopID) values (93, '2007-10-03', 31, 5, 10);
insert into Sale (ID, Date, CustomerID, EmployeeID, ShopID) values (94, '2007-02-22', 49, 7, 4);
insert into Sale (ID, Date, CustomerID, EmployeeID, ShopID) values (95, '2014-12-06', 25, 5, 9);
insert into Sale (ID, Date, CustomerID, EmployeeID, ShopID) values (96, '1998-11-22', 22, 5, 5);
insert into Sale (ID, Date, CustomerID, EmployeeID, ShopID) values (97, '1999-05-29', 46, 10, 3);
insert into Sale (ID, Date, CustomerID, EmployeeID, ShopID) values (98, '2006-10-22', 51, 8, 7);
insert into Sale (ID, Date, CustomerID, EmployeeID, ShopID) values (99, '2007-02-16', 11, 5, 5);
insert into Sale (ID, Date, CustomerID, EmployeeID, ShopID) values (100, '2002-06-28', 73, 10, 1);
insert into Sale (ID, Date, CustomerID, EmployeeID, ShopID) values (101, '2005-07-14', 17, 8, 9);
insert into Sale (ID, Date, CustomerID, EmployeeID, ShopID) values (102, '2013-07-27', 30, 10, 5);
insert into Sale (ID, Date, CustomerID, EmployeeID, ShopID) values (103, '2008-05-14', 62, 3, 3);
insert into Sale (ID, Date, CustomerID, EmployeeID, ShopID) values (104, '2002-03-21', 47, 2, 1);
insert into Sale (ID, Date, CustomerID, EmployeeID, ShopID) values (105, '2006-10-23', 29, 9, 9);
insert into Sale (ID, Date, CustomerID, EmployeeID, ShopID) values (106, '1998-02-22', 84, 6, 6);
insert into Sale (ID, Date, CustomerID, EmployeeID, ShopID) values (107, '1999-01-17', 12, 1, 8);
insert into Sale (ID, Date, CustomerID, EmployeeID, ShopID) values (108, '2015-03-19', 68, 10, 9);
insert into Sale (ID, Date, CustomerID, EmployeeID, ShopID) values (109, '2007-09-18', 47, 3, 2);
insert into Sale (ID, Date, CustomerID, EmployeeID, ShopID) values (110, '2004-04-01', 61, 9, 9);
insert into Sale (ID, Date, CustomerID, EmployeeID, ShopID) values (111, '1998-12-07', 22, 7, 9);
insert into Sale (ID, Date, CustomerID, EmployeeID, ShopID) values (112, '2017-07-28', 31, 7, 8);
insert into Sale (ID, Date, CustomerID, EmployeeID, ShopID) values (113, '1999-05-04', 60, 3, 8);
insert into Sale (ID, Date, CustomerID, EmployeeID, ShopID) values (114, '2017-08-30', 56, 1, 7);
insert into Sale (ID, Date, CustomerID, EmployeeID, ShopID) values (115, '2007-01-16', 71, 5, 1);
insert into Sale (ID, Date, CustomerID, EmployeeID, ShopID) values (116, '2015-07-28', 76, 9, 1);
insert into Sale (ID, Date, CustomerID, EmployeeID, ShopID) values (117, '2008-12-29', 91, 10, 1);
insert into Sale (ID, Date, CustomerID, EmployeeID, ShopID) values (118, '2014-01-23', 65, 2, 4);
insert into Sale (ID, Date, CustomerID, EmployeeID, ShopID) values (119, '2005-08-11', 60, 2, 4);
insert into Sale (ID, Date, CustomerID, EmployeeID, ShopID) values (120, '2003-02-18', 99, 5, 5);
insert into Sale (ID, Date, CustomerID, EmployeeID, ShopID) values (121, '2002-07-26', 98, 10, 8);
insert into Sale (ID, Date, CustomerID, EmployeeID, ShopID) values (122, '2006-05-28', 61, 3, 3);
insert into Sale (ID, Date, CustomerID, EmployeeID, ShopID) values (123, '2008-08-11', 85, 10, 6);
insert into Sale (ID, Date, CustomerID, EmployeeID, ShopID) values (124, '1999-05-07', 79, 3, 6);
insert into Sale (ID, Date, CustomerID, EmployeeID, ShopID) values (125, '2017-11-05', 6, 8, 9);
insert into Sale (ID, Date, CustomerID, EmployeeID, ShopID) values (126, '2001-10-16', 82, 5, 2);
insert into Sale (ID, Date, CustomerID, EmployeeID, ShopID) values (127, '2001-01-25', 85, 4, 10);
insert into Sale (ID, Date, CustomerID, EmployeeID, ShopID) values (128, '2012-09-14', 5, 6, 1);
insert into Sale (ID, Date, CustomerID, EmployeeID, ShopID) values (129, '2005-02-18', 5, 7, 8);
insert into Sale (ID, Date, CustomerID, EmployeeID, ShopID) values (130, '2002-01-13', 33, 4, 8);
insert into Sale (ID, Date, CustomerID, EmployeeID, ShopID) values (131, '1998-12-03', 45, 6, 9);
insert into Sale (ID, Date, CustomerID, EmployeeID, ShopID) values (132, '1998-10-14', 24, 1, 8);
insert into Sale (ID, Date, CustomerID, EmployeeID, ShopID) values (133, '2007-12-15', 19, 1, 8);
insert into Sale (ID, Date, CustomerID, EmployeeID, ShopID) values (134, '2009-07-16', 65, 7, 2);
insert into Sale (ID, Date, CustomerID, EmployeeID, ShopID) values (135, '2016-05-18', 11, 3, 7);
insert into Sale (ID, Date, CustomerID, EmployeeID, ShopID) values (136, '2007-11-13', 94, 8, 2);
insert into Sale (ID, Date, CustomerID, EmployeeID, ShopID) values (137, '2015-07-20', 51, 3, 6);
insert into Sale (ID, Date, CustomerID, EmployeeID, ShopID) values (138, '2011-01-28', 25, 5, 1);
insert into Sale (ID, Date, CustomerID, EmployeeID, ShopID) values (139, '2009-10-24', 61, 6, 5);
insert into Sale (ID, Date, CustomerID, EmployeeID, ShopID) values (140, '2004-01-04', 86, 4, 9);
insert into Sale (ID, Date, CustomerID, EmployeeID, ShopID) values (141, '2011-07-04', 34, 4, 8);
insert into Sale (ID, Date, CustomerID, EmployeeID, ShopID) values (142, '2011-09-07', 11, 9, 6);
insert into Sale (ID, Date, CustomerID, EmployeeID, ShopID) values (143, '2005-03-27', 32, 10, 8);
insert into Sale (ID, Date, CustomerID, EmployeeID, ShopID) values (144, '2006-08-06', 69, 10, 8);
insert into Sale (ID, Date, CustomerID, EmployeeID, ShopID) values (145, '2010-06-03', 32, 4, 6);
insert into Sale (ID, Date, CustomerID, EmployeeID, ShopID) values (146, '2012-11-25', 31, 1, 1);
insert into Sale (ID, Date, CustomerID, EmployeeID, ShopID) values (147, '2011-01-28', 7, 6, 4);
insert into Sale (ID, Date, CustomerID, EmployeeID, ShopID) values (148, '2014-05-03', 77, 5, 1);
insert into Sale (ID, Date, CustomerID, EmployeeID, ShopID) values (149, '2003-12-19', 2, 1, 4);
insert into Sale (ID, Date, CustomerID, EmployeeID, ShopID) values (150, '1999-01-08', 5, 10, 3);
insert into Sale (ID, Date, CustomerID, EmployeeID, ShopID) values (151, '2011-09-27', 95, 9, 3);
insert into Sale (ID, Date, CustomerID, EmployeeID, ShopID) values (152, '2009-07-01', 98, 10, 10);
insert into Sale (ID, Date, CustomerID, EmployeeID, ShopID) values (153, '2006-06-28', 61, 1, 4);
insert into Sale (ID, Date, CustomerID, EmployeeID, ShopID) values (154, '2010-06-28', 33, 1, 3);
insert into Sale (ID, Date, CustomerID, EmployeeID, ShopID) values (155, '2007-01-19', 52, 5, 1);
insert into Sale (ID, Date, CustomerID, EmployeeID, ShopID) values (156, '2006-11-29', 92, 5, 4);
insert into Sale (ID, Date, CustomerID, EmployeeID, ShopID) values (157, '2016-03-26', 45, 8, 1);
insert into Sale (ID, Date, CustomerID, EmployeeID, ShopID) values (158, '2001-09-30', 6, 8, 8);
insert into Sale (ID, Date, CustomerID, EmployeeID, ShopID) values (159, '2012-08-17', 34, 10, 9);
insert into Sale (ID, Date, CustomerID, EmployeeID, ShopID) values (160, '2002-07-01', 46, 1, 7);
insert into Sale (ID, Date, CustomerID, EmployeeID, ShopID) values (161, '2009-12-22', 6, 3, 6);
insert into Sale (ID, Date, CustomerID, EmployeeID, ShopID) values (162, '1997-11-30', 95, 2, 4);
insert into Sale (ID, Date, CustomerID, EmployeeID, ShopID) values (163, '2003-12-16', 87, 10, 5);
insert into Sale (ID, Date, CustomerID, EmployeeID, ShopID) values (164, '2001-07-22', 92, 9, 4);
insert into Sale (ID, Date, CustomerID, EmployeeID, ShopID) values (165, '2002-02-27', 54, 1, 9);
insert into Sale (ID, Date, CustomerID, EmployeeID, ShopID) values (166, '2004-11-04', 77, 3, 6);
insert into Sale (ID, Date, CustomerID, EmployeeID, ShopID) values (167, '1998-10-02', 15, 9, 6);
insert into Sale (ID, Date, CustomerID, EmployeeID, ShopID) values (168, '1999-04-06', 56, 6, 7);
insert into Sale (ID, Date, CustomerID, EmployeeID, ShopID) values (169, '2008-10-21', 75, 10, 10);
insert into Sale (ID, Date, CustomerID, EmployeeID, ShopID) values (170, '2002-03-23', 67, 8, 6);
insert into Sale (ID, Date, CustomerID, EmployeeID, ShopID) values (171, '2004-04-17', 60, 7, 9);
insert into Sale (ID, Date, CustomerID, EmployeeID, ShopID) values (172, '2000-10-22', 52, 7, 2);
insert into Sale (ID, Date, CustomerID, EmployeeID, ShopID) values (173, '2002-03-20', 89, 9, 8);
insert into Sale (ID, Date, CustomerID, EmployeeID, ShopID) values (174, '2013-11-09', 22, 8, 3);
insert into Sale (ID, Date, CustomerID, EmployeeID, ShopID) values (175, '2009-12-30', 28, 10, 9);
insert into Sale (ID, Date, CustomerID, EmployeeID, ShopID) values (176, '2002-03-01', 93, 4, 6);
insert into Sale (ID, Date, CustomerID, EmployeeID, ShopID) values (177, '2007-12-19', 88, 5, 7);
insert into Sale (ID, Date, CustomerID, EmployeeID, ShopID) values (178, '2008-11-23', 28, 9, 1);
insert into Sale (ID, Date, CustomerID, EmployeeID, ShopID) values (179, '1999-12-09', 74, 2, 9);
insert into Sale (ID, Date, CustomerID, EmployeeID, ShopID) values (180, '2003-07-04', 1, 10, 2);
insert into Sale (ID, Date, CustomerID, EmployeeID, ShopID) values (181, '2015-04-05', 3, 7, 4);
insert into Sale (ID, Date, CustomerID, EmployeeID, ShopID) values (182, '2004-03-12', 48, 6, 4);
insert into Sale (ID, Date, CustomerID, EmployeeID, ShopID) values (183, '2013-11-08', 4, 8, 9);
insert into Sale (ID, Date, CustomerID, EmployeeID, ShopID) values (184, '2015-11-03', 57, 8, 10);
insert into Sale (ID, Date, CustomerID, EmployeeID, ShopID) values (185, '2004-09-10', 84, 1, 9);
insert into Sale (ID, Date, CustomerID, EmployeeID, ShopID) values (186, '2002-10-20', 54, 10, 3);
insert into Sale (ID, Date, CustomerID, EmployeeID, ShopID) values (187, '2015-06-22', 11, 5, 6);
insert into Sale (ID, Date, CustomerID, EmployeeID, ShopID) values (188, '2017-05-11', 40, 9, 8);
insert into Sale (ID, Date, CustomerID, EmployeeID, ShopID) values (189, '2012-11-15', 4, 6, 4);
insert into Sale (ID, Date, CustomerID, EmployeeID, ShopID) values (190, '2007-06-20', 38, 4, 10);
insert into Sale (ID, Date, CustomerID, EmployeeID, ShopID) values (191, '2004-04-03', 13, 6, 2);
insert into Sale (ID, Date, CustomerID, EmployeeID, ShopID) values (192, '2014-05-14', 57, 5, 6);
insert into Sale (ID, Date, CustomerID, EmployeeID, ShopID) values (193, '2004-04-21', 10, 6, 6);
insert into Sale (ID, Date, CustomerID, EmployeeID, ShopID) values (194, '2006-03-21', 58, 7, 5);
insert into Sale (ID, Date, CustomerID, EmployeeID, ShopID) values (195, '2003-02-04', 66, 1, 7);
insert into Sale (ID, Date, CustomerID, EmployeeID, ShopID) values (196, '2000-05-24', 40, 10, 7);
insert into Sale (ID, Date, CustomerID, EmployeeID, ShopID) values (197, '2002-11-06', 31, 7, 8);
insert into Sale (ID, Date, CustomerID, EmployeeID, ShopID) values (198, '2013-12-07', 72, 5, 10);
insert into Sale (ID, Date, CustomerID, EmployeeID, ShopID) values (199, '2005-03-12', 29, 8, 4);
insert into Sale (ID, Date, CustomerID, EmployeeID, ShopID) values (200, '2014-08-19', 33, 6, 7);
insert into Sale (ID, Date, CustomerID, EmployeeID, ShopID) values (201, '2015-09-08', 64, 5, 2);
insert into Sale (ID, Date, CustomerID, EmployeeID, ShopID) values (202, '2000-01-18', 51, 8, 7);
insert into Sale (ID, Date, CustomerID, EmployeeID, ShopID) values (203, '2001-06-09', 42, 1, 5);
insert into Sale (ID, Date, CustomerID, EmployeeID, ShopID) values (204, '2004-05-11', 27, 8, 6);
insert into Sale (ID, Date, CustomerID, EmployeeID, ShopID) values (205, '2014-03-01', 61, 4, 2);
insert into Sale (ID, Date, CustomerID, EmployeeID, ShopID) values (206, '2013-10-02', 74, 5, 1);
insert into Sale (ID, Date, CustomerID, EmployeeID, ShopID) values (207, '2016-09-14', 63, 7, 5);
insert into Sale (ID, Date, CustomerID, EmployeeID, ShopID) values (208, '2016-11-16', 30, 4, 6);
insert into Sale (ID, Date, CustomerID, EmployeeID, ShopID) values (209, '2011-01-16', 18, 3, 5);
insert into Sale (ID, Date, CustomerID, EmployeeID, ShopID) values (210, '2004-12-26', 13, 3, 3);
insert into Sale (ID, Date, CustomerID, EmployeeID, ShopID) values (211, '2006-08-30', 81, 4, 2);
insert into Sale (ID, Date, CustomerID, EmployeeID, ShopID) values (212, '2002-05-02', 45, 10, 6);
insert into Sale (ID, Date, CustomerID, EmployeeID, ShopID) values (213, '2006-08-19', 48, 9, 6);
insert into Sale (ID, Date, CustomerID, EmployeeID, ShopID) values (214, '2000-01-17', 60, 9, 8);
insert into Sale (ID, Date, CustomerID, EmployeeID, ShopID) values (215, '2009-11-08', 91, 4, 9);
insert into Sale (ID, Date, CustomerID, EmployeeID, ShopID) values (216, '1997-02-04', 70, 6, 5);
insert into Sale (ID, Date, CustomerID, EmployeeID, ShopID) values (217, '2012-04-19', 3, 9, 6);
insert into Sale (ID, Date, CustomerID, EmployeeID, ShopID) values (218, '2017-04-08', 5, 9, 10);
insert into Sale (ID, Date, CustomerID, EmployeeID, ShopID) values (219, '2012-02-14', 17, 9, 7);
insert into Sale (ID, Date, CustomerID, EmployeeID, ShopID) values (220, '2014-12-10', 49, 10, 5);
insert into Sale (ID, Date, CustomerID, EmployeeID, ShopID) values (221, '2002-08-03', 28, 7, 6);
insert into Sale (ID, Date, CustomerID, EmployeeID, ShopID) values (222, '2016-05-24', 31, 9, 4);
insert into Sale (ID, Date, CustomerID, EmployeeID, ShopID) values (223, '2012-10-30', 75, 10, 8);
insert into Sale (ID, Date, CustomerID, EmployeeID, ShopID) values (224, '2004-05-31', 52, 3, 4);
insert into Sale (ID, Date, CustomerID, EmployeeID, ShopID) values (225, '2012-01-23', 17, 6, 2);
insert into Sale (ID, Date, CustomerID, EmployeeID, ShopID) values (226, '2009-12-25', 70, 1, 3);
insert into Sale (ID, Date, CustomerID, EmployeeID, ShopID) values (227, '2004-10-12', 79, 8, 5);
insert into Sale (ID, Date, CustomerID, EmployeeID, ShopID) values (228, '2003-03-30', 93, 5, 8);
insert into Sale (ID, Date, CustomerID, EmployeeID, ShopID) values (229, '2002-02-12', 22, 9, 6);
insert into Sale (ID, Date, CustomerID, EmployeeID, ShopID) values (230, '2007-11-14', 7, 5, 2);
insert into Sale (ID, Date, CustomerID, EmployeeID, ShopID) values (231, '2008-03-31', 81, 6, 7);
insert into Sale (ID, Date, CustomerID, EmployeeID, ShopID) values (232, '2003-08-27', 86, 5, 2);
insert into Sale (ID, Date, CustomerID, EmployeeID, ShopID) values (233, '2008-05-15', 51, 7, 1);
insert into Sale (ID, Date, CustomerID, EmployeeID, ShopID) values (234, '2013-04-09', 51, 6, 8);
insert into Sale (ID, Date, CustomerID, EmployeeID, ShopID) values (235, '2007-02-25', 24, 8, 3);
insert into Sale (ID, Date, CustomerID, EmployeeID, ShopID) values (236, '2002-12-14', 37, 1, 8);
insert into Sale (ID, Date, CustomerID, EmployeeID, ShopID) values (237, '2005-07-23', 82, 10, 8);
insert into Sale (ID, Date, CustomerID, EmployeeID, ShopID) values (238, '2005-10-13', 1, 7, 5);
insert into Sale (ID, Date, CustomerID, EmployeeID, ShopID) values (239, '2000-01-09', 79, 8, 7);
insert into Sale (ID, Date, CustomerID, EmployeeID, ShopID) values (240, '2008-09-04', 83, 6, 5);
insert into Sale (ID, Date, CustomerID, EmployeeID, ShopID) values (241, '2014-01-29', 99, 2, 4);
insert into Sale (ID, Date, CustomerID, EmployeeID, ShopID) values (242, '2012-09-14', 74, 1, 1);
insert into Sale (ID, Date, CustomerID, EmployeeID, ShopID) values (243, '2007-11-08', 5, 1, 8);
insert into Sale (ID, Date, CustomerID, EmployeeID, ShopID) values (244, '1998-04-05', 21, 6, 9);
insert into Sale (ID, Date, CustomerID, EmployeeID, ShopID) values (245, '1997-09-10', 39, 4, 10);
insert into Sale (ID, Date, CustomerID, EmployeeID, ShopID) values (246, '2016-02-21', 80, 3, 10);
insert into Sale (ID, Date, CustomerID, EmployeeID, ShopID) values (247, '1999-08-20', 9, 2, 7);
insert into Sale (ID, Date, CustomerID, EmployeeID, ShopID) values (248, '1997-09-02', 96, 6, 8);
insert into Sale (ID, Date, CustomerID, EmployeeID, ShopID) values (249, '2015-06-07', 3, 6, 7);
insert into Sale (ID, Date, CustomerID, EmployeeID, ShopID) values (250, '2007-06-09', 20, 6, 8);
insert into Sale (ID, Date, CustomerID, EmployeeID, ShopID) values (251, '1999-02-28', 31, 2, 2);
insert into Sale (ID, Date, CustomerID, EmployeeID, ShopID) values (252, '2016-02-27', 54, 5, 10);
insert into Sale (ID, Date, CustomerID, EmployeeID, ShopID) values (253, '2002-06-12', 55, 2, 1);
insert into Sale (ID, Date, CustomerID, EmployeeID, ShopID) values (254, '2011-01-31', 55, 2, 9);
insert into Sale (ID, Date, CustomerID, EmployeeID, ShopID) values (255, '2000-05-11', 79, 7, 4);
insert into Sale (ID, Date, CustomerID, EmployeeID, ShopID) values (256, '2000-12-21', 88, 9, 4);
insert into Sale (ID, Date, CustomerID, EmployeeID, ShopID) values (257, '1997-12-12', 18, 1, 9);
insert into Sale (ID, Date, CustomerID, EmployeeID, ShopID) values (258, '2002-09-28', 66, 6, 6);
insert into Sale (ID, Date, CustomerID, EmployeeID, ShopID) values (259, '2005-07-08', 85, 8, 1);
insert into Sale (ID, Date, CustomerID, EmployeeID, ShopID) values (260, '2011-12-31', 77, 9, 5);
insert into Sale (ID, Date, CustomerID, EmployeeID, ShopID) values (261, '1997-05-26', 86, 1, 3);
insert into Sale (ID, Date, CustomerID, EmployeeID, ShopID) values (262, '2004-08-21', 48, 6, 1);
insert into Sale (ID, Date, CustomerID, EmployeeID, ShopID) values (263, '2010-09-27', 14, 3, 9);
insert into Sale (ID, Date, CustomerID, EmployeeID, ShopID) values (264, '1997-04-29', 9, 9, 7);
insert into Sale (ID, Date, CustomerID, EmployeeID, ShopID) values (265, '1997-06-09', 76, 10, 4);
insert into Sale (ID, Date, CustomerID, EmployeeID, ShopID) values (266, '2004-10-19', 96, 2, 1);
insert into Sale (ID, Date, CustomerID, EmployeeID, ShopID) values (267, '1999-03-27', 36, 6, 7);
insert into Sale (ID, Date, CustomerID, EmployeeID, ShopID) values (268, '2004-04-19', 36, 2, 6);
insert into Sale (ID, Date, CustomerID, EmployeeID, ShopID) values (269, '2010-04-10', 12, 8, 2);
insert into Sale (ID, Date, CustomerID, EmployeeID, ShopID) values (270, '2001-01-28', 70, 7, 3);
insert into Sale (ID, Date, CustomerID, EmployeeID, ShopID) values (271, '2001-11-07', 97, 6, 6);
insert into Sale (ID, Date, CustomerID, EmployeeID, ShopID) values (272, '1997-06-05', 42, 8, 4);
insert into Sale (ID, Date, CustomerID, EmployeeID, ShopID) values (273, '2002-10-20', 32, 5, 3);
insert into Sale (ID, Date, CustomerID, EmployeeID, ShopID) values (274, '2000-11-27', 55, 4, 6);
insert into Sale (ID, Date, CustomerID, EmployeeID, ShopID) values (275, '2000-11-06', 7, 6, 3);
insert into Sale (ID, Date, CustomerID, EmployeeID, ShopID) values (276, '2009-05-10', 80, 8, 5);
insert into Sale (ID, Date, CustomerID, EmployeeID, ShopID) values (277, '1999-01-03', 80, 2, 10);
insert into Sale (ID, Date, CustomerID, EmployeeID, ShopID) values (278, '2007-04-10', 74, 3, 2);
insert into Sale (ID, Date, CustomerID, EmployeeID, ShopID) values (279, '2015-05-04', 13, 1, 6);
insert into Sale (ID, Date, CustomerID, EmployeeID, ShopID) values (280, '2003-07-24', 81, 4, 10);
insert into Sale (ID, Date, CustomerID, EmployeeID, ShopID) values (281, '2016-07-22', 86, 5, 5);
insert into Sale (ID, Date, CustomerID, EmployeeID, ShopID) values (282, '2017-08-17', 11, 9, 4);
insert into Sale (ID, Date, CustomerID, EmployeeID, ShopID) values (283, '2004-06-20', 47, 9, 5);
insert into Sale (ID, Date, CustomerID, EmployeeID, ShopID) values (284, '2012-02-02', 46, 1, 5);
insert into Sale (ID, Date, CustomerID, EmployeeID, ShopID) values (285, '1999-12-26', 64, 6, 1);
insert into Sale (ID, Date, CustomerID, EmployeeID, ShopID) values (286, '2007-07-11', 18, 6, 4);
insert into Sale (ID, Date, CustomerID, EmployeeID, ShopID) values (287, '2005-01-17', 20, 9, 1);
insert into Sale (ID, Date, CustomerID, EmployeeID, ShopID) values (288, '2001-07-03', 38, 8, 9);
insert into Sale (ID, Date, CustomerID, EmployeeID, ShopID) values (289, '2004-12-06', 47, 2, 7);
insert into Sale (ID, Date, CustomerID, EmployeeID, ShopID) values (290, '2017-01-02', 47, 5, 1);
insert into Sale (ID, Date, CustomerID, EmployeeID, ShopID) values (291, '2004-01-11', 59, 6, 1);
insert into Sale (ID, Date, CustomerID, EmployeeID, ShopID) values (292, '2017-01-05', 33, 8, 1);
insert into Sale (ID, Date, CustomerID, EmployeeID, ShopID) values (293, '1998-04-10', 15, 7, 1);
insert into Sale (ID, Date, CustomerID, EmployeeID, ShopID) values (294, '2000-05-23', 48, 5, 4);
insert into Sale (ID, Date, CustomerID, EmployeeID, ShopID) values (295, '2004-09-01', 93, 8, 9);
insert into Sale (ID, Date, CustomerID, EmployeeID, ShopID) values (296, '2013-04-29', 80, 4, 1);
insert into Sale (ID, Date, CustomerID, EmployeeID, ShopID) values (297, '2005-09-04', 1, 9, 8);
insert into Sale (ID, Date, CustomerID, EmployeeID, ShopID) values (298, '2013-12-24', 88, 1, 6);
insert into Sale (ID, Date, CustomerID, EmployeeID, ShopID) values (299, '2014-07-08', 79, 3, 6);
insert into Sale (ID, Date, CustomerID, EmployeeID, ShopID) values (300, '1997-04-12', 1, 1, 3);


-- Recipe Table
insert into Recipe (ID, Name) 
	values (1, 'Mika Muffin');
insert into Recipe (ID, Name) 
	values (2, 'Brenda Bagel');
insert into Recipe (ID, Name) 
	values (3, 'Clasic Cupcake');
insert into Recipe (ID, Name) 
	values (4, 'Past Muffin');
insert into Recipe (ID, Name) 
	values (5, 'Past Bagel');
insert into Recipe (ID, Name) 
	values (6, 'Past Cupcake');
insert into Recipe (ID, Name) 
	values (7, 'Gift Muffin');
insert into Recipe (ID, Name) 
	values (8, 'Gift Bagel');
insert into Recipe (ID, Name) 
	values (9, 'Gift Cupcake');
insert into Recipe (ID, Name) 
	values (10, 'Future Cupcake');

-- Product Table
insert into Product (ID, Name, Supply, RecipeID, Price) 
	values (1, 'Magic Muffin', 1, 1, 100.00);
insert into Product (ID, Name, Supply, RecipeID, Price) 
	values (2, 'Brenda Bagel', 20, 2, 1.75);
insert into Product (ID, Name, Supply, RecipeID, Price) 
	values (3, 'Clasic Cupcake', 30, 3, 2.00);
insert into Product (ID, Name, Supply, RecipeID, Price) 
	values (4, 'Past Muffin', 15, 4, 2.50);
insert into Product (ID, Name, Supply, RecipeID, Price) 
	values (5, 'Past Bagel', 15, 5, 1.75);
insert into Product (ID, Name, Supply, RecipeID, Price) 
	values (6, 'Past Cupcake', 15, 6, 2.00);
insert into Product (ID, Name, Supply, RecipeID, Price) 
	values (7, 'Present Muffin', 10, 7, 2.50);
insert into Product (ID, Name, Supply, RecipeID, Price) 
	values (8, 'Present Bagel', 10, 8, 1.75);
insert into Product (ID, Name, Supply, RecipeID, Price) 
	values (9, 'Present Cupcake', 10, 9, 2.00);
insert into Product (ID, Name, Supply, RecipeID, Price) 
	values (10, 'Future Cupcake', 5, 10, 2.00);

-- SaleLineItem Table
insert into SaleLineItem (ID, PurchaseID, ProductID, Quantity) values (1, 1, 10, 11);
insert into SaleLineItem (ID, PurchaseID, ProductID, Quantity) values (2, 2, 7, 2);
insert into SaleLineItem (ID, PurchaseID, ProductID, Quantity) values (3, 3, 2, 11);
insert into SaleLineItem (ID, PurchaseID, ProductID, Quantity) values (4, 4, 3, 10);
insert into SaleLineItem (ID, PurchaseID, ProductID, Quantity) values (5, 5, 7, 12);
insert into SaleLineItem (ID, PurchaseID, ProductID, Quantity) values (6, 6, 4, 4);
insert into SaleLineItem (ID, PurchaseID, ProductID, Quantity) values (7, 7, 5, 5);
insert into SaleLineItem (ID, PurchaseID, ProductID, Quantity) values (8, 8, 9, 6);
insert into SaleLineItem (ID, PurchaseID, ProductID, Quantity) values (9, 9, 1, 9);
insert into SaleLineItem (ID, PurchaseID, ProductID, Quantity) values (10, 10, 4, 9);
insert into SaleLineItem (ID, PurchaseID, ProductID, Quantity) values (11, 11, 5, 11);
insert into SaleLineItem (ID, PurchaseID, ProductID, Quantity) values (12, 12, 2, 2);
insert into SaleLineItem (ID, PurchaseID, ProductID, Quantity) values (13, 13, 3, 5);
insert into SaleLineItem (ID, PurchaseID, ProductID, Quantity) values (14, 14, 2, 9);
insert into SaleLineItem (ID, PurchaseID, ProductID, Quantity) values (15, 15, 1, 3);
insert into SaleLineItem (ID, PurchaseID, ProductID, Quantity) values (16, 16, 9, 2);
insert into SaleLineItem (ID, PurchaseID, ProductID, Quantity) values (17, 17, 4, 7);
insert into SaleLineItem (ID, PurchaseID, ProductID, Quantity) values (18, 18, 6, 12);
insert into SaleLineItem (ID, PurchaseID, ProductID, Quantity) values (19, 19, 5, 10);
insert into SaleLineItem (ID, PurchaseID, ProductID, Quantity) values (20, 20, 7, 2);
insert into SaleLineItem (ID, PurchaseID, ProductID, Quantity) values (21, 21, 6, 12);
insert into SaleLineItem (ID, PurchaseID, ProductID, Quantity) values (22, 22, 3, 4);
insert into SaleLineItem (ID, PurchaseID, ProductID, Quantity) values (23, 23, 7, 8);
insert into SaleLineItem (ID, PurchaseID, ProductID, Quantity) values (24, 24, 1, 2);
insert into SaleLineItem (ID, PurchaseID, ProductID, Quantity) values (25, 25, 6, 6);
insert into SaleLineItem (ID, PurchaseID, ProductID, Quantity) values (26, 26, 5, 8);
insert into SaleLineItem (ID, PurchaseID, ProductID, Quantity) values (27, 27, 5, 4);
insert into SaleLineItem (ID, PurchaseID, ProductID, Quantity) values (28, 28, 3, 9);
insert into SaleLineItem (ID, PurchaseID, ProductID, Quantity) values (29, 29, 4, 12);
insert into SaleLineItem (ID, PurchaseID, ProductID, Quantity) values (30, 30, 1, 12);
insert into SaleLineItem (ID, PurchaseID, ProductID, Quantity) values (31, 31, 4, 5);
insert into SaleLineItem (ID, PurchaseID, ProductID, Quantity) values (32, 32, 3, 6);
insert into SaleLineItem (ID, PurchaseID, ProductID, Quantity) values (33, 33, 8, 3);
insert into SaleLineItem (ID, PurchaseID, ProductID, Quantity) values (34, 34, 9, 4);
insert into SaleLineItem (ID, PurchaseID, ProductID, Quantity) values (35, 35, 6, 5);
insert into SaleLineItem (ID, PurchaseID, ProductID, Quantity) values (36, 36, 2, 1);
insert into SaleLineItem (ID, PurchaseID, ProductID, Quantity) values (37, 37, 2, 8);
insert into SaleLineItem (ID, PurchaseID, ProductID, Quantity) values (38, 38, 4, 7);
insert into SaleLineItem (ID, PurchaseID, ProductID, Quantity) values (39, 39, 10, 12);
insert into SaleLineItem (ID, PurchaseID, ProductID, Quantity) values (40, 40, 5, 2);
insert into SaleLineItem (ID, PurchaseID, ProductID, Quantity) values (41, 41, 10, 5);
insert into SaleLineItem (ID, PurchaseID, ProductID, Quantity) values (42, 42, 9, 12);
insert into SaleLineItem (ID, PurchaseID, ProductID, Quantity) values (43, 43, 3, 4);
insert into SaleLineItem (ID, PurchaseID, ProductID, Quantity) values (44, 44, 7, 3);
insert into SaleLineItem (ID, PurchaseID, ProductID, Quantity) values (45, 45, 2, 11);
insert into SaleLineItem (ID, PurchaseID, ProductID, Quantity) values (46, 46, 7, 4);
insert into SaleLineItem (ID, PurchaseID, ProductID, Quantity) values (47, 47, 8, 1);
insert into SaleLineItem (ID, PurchaseID, ProductID, Quantity) values (48, 48, 2, 10);
insert into SaleLineItem (ID, PurchaseID, ProductID, Quantity) values (49, 49, 5, 4);
insert into SaleLineItem (ID, PurchaseID, ProductID, Quantity) values (50, 50, 1, 3);
insert into SaleLineItem (ID, PurchaseID, ProductID, Quantity) values (51, 51, 10, 10);
insert into SaleLineItem (ID, PurchaseID, ProductID, Quantity) values (52, 52, 8, 2);
insert into SaleLineItem (ID, PurchaseID, ProductID, Quantity) values (53, 53, 1, 8);
insert into SaleLineItem (ID, PurchaseID, ProductID, Quantity) values (54, 54, 2, 9);
insert into SaleLineItem (ID, PurchaseID, ProductID, Quantity) values (55, 55, 8, 6);
insert into SaleLineItem (ID, PurchaseID, ProductID, Quantity) values (56, 56, 8, 1);
insert into SaleLineItem (ID, PurchaseID, ProductID, Quantity) values (57, 57, 6, 3);
insert into SaleLineItem (ID, PurchaseID, ProductID, Quantity) values (58, 58, 8, 2);
insert into SaleLineItem (ID, PurchaseID, ProductID, Quantity) values (59, 59, 6, 2);
insert into SaleLineItem (ID, PurchaseID, ProductID, Quantity) values (60, 60, 2, 4);
insert into SaleLineItem (ID, PurchaseID, ProductID, Quantity) values (61, 61, 2, 6);
insert into SaleLineItem (ID, PurchaseID, ProductID, Quantity) values (62, 62, 4, 6);
insert into SaleLineItem (ID, PurchaseID, ProductID, Quantity) values (63, 63, 1, 5);
insert into SaleLineItem (ID, PurchaseID, ProductID, Quantity) values (64, 64, 6, 3);
insert into SaleLineItem (ID, PurchaseID, ProductID, Quantity) values (65, 65, 8, 7);
insert into SaleLineItem (ID, PurchaseID, ProductID, Quantity) values (66, 66, 3, 1);
insert into SaleLineItem (ID, PurchaseID, ProductID, Quantity) values (67, 67, 2, 4);
insert into SaleLineItem (ID, PurchaseID, ProductID, Quantity) values (68, 68, 8, 12);
insert into SaleLineItem (ID, PurchaseID, ProductID, Quantity) values (69, 69, 5, 1);
insert into SaleLineItem (ID, PurchaseID, ProductID, Quantity) values (70, 70, 1, 9);
insert into SaleLineItem (ID, PurchaseID, ProductID, Quantity) values (71, 71, 1, 3);
insert into SaleLineItem (ID, PurchaseID, ProductID, Quantity) values (72, 72, 1, 6);
insert into SaleLineItem (ID, PurchaseID, ProductID, Quantity) values (73, 73, 10, 7);
insert into SaleLineItem (ID, PurchaseID, ProductID, Quantity) values (74, 74, 2, 11);
insert into SaleLineItem (ID, PurchaseID, ProductID, Quantity) values (75, 75, 6, 6);
insert into SaleLineItem (ID, PurchaseID, ProductID, Quantity) values (76, 76, 2, 11);
insert into SaleLineItem (ID, PurchaseID, ProductID, Quantity) values (77, 77, 10, 4);
insert into SaleLineItem (ID, PurchaseID, ProductID, Quantity) values (78, 78, 5, 10);
insert into SaleLineItem (ID, PurchaseID, ProductID, Quantity) values (79, 79, 3, 5);
insert into SaleLineItem (ID, PurchaseID, ProductID, Quantity) values (80, 80, 3, 12);
insert into SaleLineItem (ID, PurchaseID, ProductID, Quantity) values (81, 81, 1, 5);
insert into SaleLineItem (ID, PurchaseID, ProductID, Quantity) values (82, 82, 2, 6);
insert into SaleLineItem (ID, PurchaseID, ProductID, Quantity) values (83, 83, 2, 2);
insert into SaleLineItem (ID, PurchaseID, ProductID, Quantity) values (84, 84, 7, 1);
insert into SaleLineItem (ID, PurchaseID, ProductID, Quantity) values (85, 85, 2, 10);
insert into SaleLineItem (ID, PurchaseID, ProductID, Quantity) values (86, 86, 3, 1);
insert into SaleLineItem (ID, PurchaseID, ProductID, Quantity) values (87, 87, 5, 5);
insert into SaleLineItem (ID, PurchaseID, ProductID, Quantity) values (88, 88, 10, 2);
insert into SaleLineItem (ID, PurchaseID, ProductID, Quantity) values (89, 89, 2, 1);
insert into SaleLineItem (ID, PurchaseID, ProductID, Quantity) values (90, 90, 7, 10);
insert into SaleLineItem (ID, PurchaseID, ProductID, Quantity) values (91, 91, 7, 2);
insert into SaleLineItem (ID, PurchaseID, ProductID, Quantity) values (92, 92, 8, 12);
insert into SaleLineItem (ID, PurchaseID, ProductID, Quantity) values (93, 93, 2, 3);
insert into SaleLineItem (ID, PurchaseID, ProductID, Quantity) values (94, 94, 9, 4);
insert into SaleLineItem (ID, PurchaseID, ProductID, Quantity) values (95, 95, 3, 4);
insert into SaleLineItem (ID, PurchaseID, ProductID, Quantity) values (96, 96, 2, 1);
insert into SaleLineItem (ID, PurchaseID, ProductID, Quantity) values (97, 97, 5, 11);
insert into SaleLineItem (ID, PurchaseID, ProductID, Quantity) values (98, 98, 3, 8);
insert into SaleLineItem (ID, PurchaseID, ProductID, Quantity) values (99, 99, 4, 12);
insert into SaleLineItem (ID, PurchaseID, ProductID, Quantity) values (100, 100, 2, 1);
insert into SaleLineItem (ID, PurchaseID, ProductID, Quantity) values (101, 101, 3, 4);
insert into SaleLineItem (ID, PurchaseID, ProductID, Quantity) values (102, 102, 8, 12);
insert into SaleLineItem (ID, PurchaseID, ProductID, Quantity) values (103, 103, 8, 6);
insert into SaleLineItem (ID, PurchaseID, ProductID, Quantity) values (104, 104, 4, 4);
insert into SaleLineItem (ID, PurchaseID, ProductID, Quantity) values (105, 105, 1, 9);
insert into SaleLineItem (ID, PurchaseID, ProductID, Quantity) values (106, 106, 9, 11);
insert into SaleLineItem (ID, PurchaseID, ProductID, Quantity) values (107, 107, 3, 2);
insert into SaleLineItem (ID, PurchaseID, ProductID, Quantity) values (108, 108, 2, 12);
insert into SaleLineItem (ID, PurchaseID, ProductID, Quantity) values (109, 109, 10, 11);
insert into SaleLineItem (ID, PurchaseID, ProductID, Quantity) values (110, 110, 5, 12);
insert into SaleLineItem (ID, PurchaseID, ProductID, Quantity) values (111, 111, 9, 8);
insert into SaleLineItem (ID, PurchaseID, ProductID, Quantity) values (112, 112, 5, 11);
insert into SaleLineItem (ID, PurchaseID, ProductID, Quantity) values (113, 113, 9, 8);
insert into SaleLineItem (ID, PurchaseID, ProductID, Quantity) values (114, 114, 8, 2);
insert into SaleLineItem (ID, PurchaseID, ProductID, Quantity) values (115, 115, 3, 11);
insert into SaleLineItem (ID, PurchaseID, ProductID, Quantity) values (116, 116, 8, 12);
insert into SaleLineItem (ID, PurchaseID, ProductID, Quantity) values (117, 117, 9, 11);
insert into SaleLineItem (ID, PurchaseID, ProductID, Quantity) values (118, 118, 9, 6);
insert into SaleLineItem (ID, PurchaseID, ProductID, Quantity) values (119, 119, 9, 4);
insert into SaleLineItem (ID, PurchaseID, ProductID, Quantity) values (120, 120, 8, 4);
insert into SaleLineItem (ID, PurchaseID, ProductID, Quantity) values (121, 121, 9, 10);
insert into SaleLineItem (ID, PurchaseID, ProductID, Quantity) values (122, 122, 6, 2);
insert into SaleLineItem (ID, PurchaseID, ProductID, Quantity) values (123, 123, 3, 3);
insert into SaleLineItem (ID, PurchaseID, ProductID, Quantity) values (124, 124, 9, 11);
insert into SaleLineItem (ID, PurchaseID, ProductID, Quantity) values (125, 125, 2, 5);
insert into SaleLineItem (ID, PurchaseID, ProductID, Quantity) values (126, 126, 2, 5);
insert into SaleLineItem (ID, PurchaseID, ProductID, Quantity) values (127, 127, 3, 9);
insert into SaleLineItem (ID, PurchaseID, ProductID, Quantity) values (128, 128, 5, 2);
insert into SaleLineItem (ID, PurchaseID, ProductID, Quantity) values (129, 129, 5, 3);
insert into SaleLineItem (ID, PurchaseID, ProductID, Quantity) values (130, 130, 10, 6);
insert into SaleLineItem (ID, PurchaseID, ProductID, Quantity) values (131, 131, 4, 8);
insert into SaleLineItem (ID, PurchaseID, ProductID, Quantity) values (132, 132, 3, 7);
insert into SaleLineItem (ID, PurchaseID, ProductID, Quantity) values (133, 133, 6, 11);
insert into SaleLineItem (ID, PurchaseID, ProductID, Quantity) values (134, 134, 7, 3);
insert into SaleLineItem (ID, PurchaseID, ProductID, Quantity) values (135, 135, 7, 1);
insert into SaleLineItem (ID, PurchaseID, ProductID, Quantity) values (136, 136, 5, 1);
insert into SaleLineItem (ID, PurchaseID, ProductID, Quantity) values (137, 137, 10, 9);
insert into SaleLineItem (ID, PurchaseID, ProductID, Quantity) values (138, 138, 4, 5);
insert into SaleLineItem (ID, PurchaseID, ProductID, Quantity) values (139, 139, 5, 9);
insert into SaleLineItem (ID, PurchaseID, ProductID, Quantity) values (140, 140, 9, 6);
insert into SaleLineItem (ID, PurchaseID, ProductID, Quantity) values (141, 141, 5, 3);
insert into SaleLineItem (ID, PurchaseID, ProductID, Quantity) values (142, 142, 2, 5);
insert into SaleLineItem (ID, PurchaseID, ProductID, Quantity) values (143, 143, 2, 2);
insert into SaleLineItem (ID, PurchaseID, ProductID, Quantity) values (144, 144, 8, 12);
insert into SaleLineItem (ID, PurchaseID, ProductID, Quantity) values (145, 145, 7, 6);
insert into SaleLineItem (ID, PurchaseID, ProductID, Quantity) values (146, 146, 10, 11);
insert into SaleLineItem (ID, PurchaseID, ProductID, Quantity) values (147, 147, 2, 5);
insert into SaleLineItem (ID, PurchaseID, ProductID, Quantity) values (148, 148, 7, 12);
insert into SaleLineItem (ID, PurchaseID, ProductID, Quantity) values (149, 149, 9, 10);
insert into SaleLineItem (ID, PurchaseID, ProductID, Quantity) values (150, 150, 6, 3);
insert into SaleLineItem (ID, PurchaseID, ProductID, Quantity) values (151, 151, 1, 5);
insert into SaleLineItem (ID, PurchaseID, ProductID, Quantity) values (152, 152, 4, 9);
insert into SaleLineItem (ID, PurchaseID, ProductID, Quantity) values (153, 153, 5, 8);
insert into SaleLineItem (ID, PurchaseID, ProductID, Quantity) values (154, 154, 10, 10);
insert into SaleLineItem (ID, PurchaseID, ProductID, Quantity) values (155, 155, 10, 6);
insert into SaleLineItem (ID, PurchaseID, ProductID, Quantity) values (156, 156, 7, 11);
insert into SaleLineItem (ID, PurchaseID, ProductID, Quantity) values (157, 157, 7, 8);
insert into SaleLineItem (ID, PurchaseID, ProductID, Quantity) values (158, 158, 5, 4);
insert into SaleLineItem (ID, PurchaseID, ProductID, Quantity) values (159, 159, 9, 1);
insert into SaleLineItem (ID, PurchaseID, ProductID, Quantity) values (160, 160, 7, 11);
insert into SaleLineItem (ID, PurchaseID, ProductID, Quantity) values (161, 161, 1, 9);
insert into SaleLineItem (ID, PurchaseID, ProductID, Quantity) values (162, 162, 7, 12);
insert into SaleLineItem (ID, PurchaseID, ProductID, Quantity) values (163, 163, 3, 9);
insert into SaleLineItem (ID, PurchaseID, ProductID, Quantity) values (164, 164, 5, 3);
insert into SaleLineItem (ID, PurchaseID, ProductID, Quantity) values (165, 165, 10, 10);
insert into SaleLineItem (ID, PurchaseID, ProductID, Quantity) values (166, 166, 2, 4);
insert into SaleLineItem (ID, PurchaseID, ProductID, Quantity) values (167, 167, 2, 9);
insert into SaleLineItem (ID, PurchaseID, ProductID, Quantity) values (168, 168, 7, 6);
insert into SaleLineItem (ID, PurchaseID, ProductID, Quantity) values (169, 169, 3, 7);
insert into SaleLineItem (ID, PurchaseID, ProductID, Quantity) values (170, 170, 4, 9);
insert into SaleLineItem (ID, PurchaseID, ProductID, Quantity) values (171, 171, 5, 12);
insert into SaleLineItem (ID, PurchaseID, ProductID, Quantity) values (172, 172, 7, 8);
insert into SaleLineItem (ID, PurchaseID, ProductID, Quantity) values (173, 173, 7, 1);
insert into SaleLineItem (ID, PurchaseID, ProductID, Quantity) values (174, 174, 3, 8);
insert into SaleLineItem (ID, PurchaseID, ProductID, Quantity) values (175, 175, 10, 5);
insert into SaleLineItem (ID, PurchaseID, ProductID, Quantity) values (176, 176, 5, 7);
insert into SaleLineItem (ID, PurchaseID, ProductID, Quantity) values (177, 177, 8, 10);
insert into SaleLineItem (ID, PurchaseID, ProductID, Quantity) values (178, 178, 4, 3);
insert into SaleLineItem (ID, PurchaseID, ProductID, Quantity) values (179, 179, 1, 6);
insert into SaleLineItem (ID, PurchaseID, ProductID, Quantity) values (180, 180, 3, 1);
insert into SaleLineItem (ID, PurchaseID, ProductID, Quantity) values (181, 181, 6, 1);
insert into SaleLineItem (ID, PurchaseID, ProductID, Quantity) values (182, 182, 3, 10);
insert into SaleLineItem (ID, PurchaseID, ProductID, Quantity) values (183, 183, 6, 6);
insert into SaleLineItem (ID, PurchaseID, ProductID, Quantity) values (184, 184, 10, 5);
insert into SaleLineItem (ID, PurchaseID, ProductID, Quantity) values (185, 185, 6, 4);
insert into SaleLineItem (ID, PurchaseID, ProductID, Quantity) values (186, 186, 8, 3);
insert into SaleLineItem (ID, PurchaseID, ProductID, Quantity) values (187, 187, 3, 2);
insert into SaleLineItem (ID, PurchaseID, ProductID, Quantity) values (188, 188, 7, 6);
insert into SaleLineItem (ID, PurchaseID, ProductID, Quantity) values (189, 189, 4, 8);
insert into SaleLineItem (ID, PurchaseID, ProductID, Quantity) values (190, 190, 9, 11);
insert into SaleLineItem (ID, PurchaseID, ProductID, Quantity) values (191, 191, 3, 7);
insert into SaleLineItem (ID, PurchaseID, ProductID, Quantity) values (192, 192, 1, 1);
insert into SaleLineItem (ID, PurchaseID, ProductID, Quantity) values (193, 193, 3, 3);
insert into SaleLineItem (ID, PurchaseID, ProductID, Quantity) values (194, 194, 5, 11);
insert into SaleLineItem (ID, PurchaseID, ProductID, Quantity) values (195, 195, 2, 8);
insert into SaleLineItem (ID, PurchaseID, ProductID, Quantity) values (196, 196, 2, 7);
insert into SaleLineItem (ID, PurchaseID, ProductID, Quantity) values (197, 197, 7, 8);
insert into SaleLineItem (ID, PurchaseID, ProductID, Quantity) values (198, 198, 7, 5);
insert into SaleLineItem (ID, PurchaseID, ProductID, Quantity) values (199, 199, 1, 3);
insert into SaleLineItem (ID, PurchaseID, ProductID, Quantity) values (200, 200, 4, 7);
insert into SaleLineItem (ID, PurchaseID, ProductID, Quantity) values (201, 201, 6, 10);
insert into SaleLineItem (ID, PurchaseID, ProductID, Quantity) values (202, 202, 6, 6);
insert into SaleLineItem (ID, PurchaseID, ProductID, Quantity) values (203, 203, 9, 8);
insert into SaleLineItem (ID, PurchaseID, ProductID, Quantity) values (204, 204, 10, 10);
insert into SaleLineItem (ID, PurchaseID, ProductID, Quantity) values (205, 205, 4, 8);
insert into SaleLineItem (ID, PurchaseID, ProductID, Quantity) values (206, 206, 9, 6);
insert into SaleLineItem (ID, PurchaseID, ProductID, Quantity) values (207, 207, 2, 9);
insert into SaleLineItem (ID, PurchaseID, ProductID, Quantity) values (208, 208, 2, 1);
insert into SaleLineItem (ID, PurchaseID, ProductID, Quantity) values (209, 209, 2, 3);
insert into SaleLineItem (ID, PurchaseID, ProductID, Quantity) values (210, 210, 1, 10);
insert into SaleLineItem (ID, PurchaseID, ProductID, Quantity) values (211, 211, 8, 8);
insert into SaleLineItem (ID, PurchaseID, ProductID, Quantity) values (212, 212, 9, 5);
insert into SaleLineItem (ID, PurchaseID, ProductID, Quantity) values (213, 213, 5, 6);
insert into SaleLineItem (ID, PurchaseID, ProductID, Quantity) values (214, 214, 8, 8);
insert into SaleLineItem (ID, PurchaseID, ProductID, Quantity) values (215, 215, 6, 12);
insert into SaleLineItem (ID, PurchaseID, ProductID, Quantity) values (216, 216, 5, 11);
insert into SaleLineItem (ID, PurchaseID, ProductID, Quantity) values (217, 217, 10, 9);
insert into SaleLineItem (ID, PurchaseID, ProductID, Quantity) values (218, 218, 1, 11);
insert into SaleLineItem (ID, PurchaseID, ProductID, Quantity) values (219, 219, 7, 10);
insert into SaleLineItem (ID, PurchaseID, ProductID, Quantity) values (220, 220, 4, 10);
insert into SaleLineItem (ID, PurchaseID, ProductID, Quantity) values (221, 221, 4, 9);
insert into SaleLineItem (ID, PurchaseID, ProductID, Quantity) values (222, 222, 6, 6);
insert into SaleLineItem (ID, PurchaseID, ProductID, Quantity) values (223, 223, 10, 9);
insert into SaleLineItem (ID, PurchaseID, ProductID, Quantity) values (224, 224, 5, 8);
insert into SaleLineItem (ID, PurchaseID, ProductID, Quantity) values (225, 225, 10, 2);
insert into SaleLineItem (ID, PurchaseID, ProductID, Quantity) values (226, 226, 8, 2);
insert into SaleLineItem (ID, PurchaseID, ProductID, Quantity) values (227, 227, 10, 1);
insert into SaleLineItem (ID, PurchaseID, ProductID, Quantity) values (228, 228, 9, 8);
insert into SaleLineItem (ID, PurchaseID, ProductID, Quantity) values (229, 229, 10, 12);
insert into SaleLineItem (ID, PurchaseID, ProductID, Quantity) values (230, 230, 1, 1);
insert into SaleLineItem (ID, PurchaseID, ProductID, Quantity) values (231, 231, 9, 8);
insert into SaleLineItem (ID, PurchaseID, ProductID, Quantity) values (232, 232, 7, 10);
insert into SaleLineItem (ID, PurchaseID, ProductID, Quantity) values (233, 233, 8, 6);
insert into SaleLineItem (ID, PurchaseID, ProductID, Quantity) values (234, 234, 6, 2);
insert into SaleLineItem (ID, PurchaseID, ProductID, Quantity) values (235, 235, 10, 9);
insert into SaleLineItem (ID, PurchaseID, ProductID, Quantity) values (236, 236, 9, 11);
insert into SaleLineItem (ID, PurchaseID, ProductID, Quantity) values (237, 237, 6, 7);
insert into SaleLineItem (ID, PurchaseID, ProductID, Quantity) values (238, 238, 1, 6);
insert into SaleLineItem (ID, PurchaseID, ProductID, Quantity) values (239, 239, 3, 5);
insert into SaleLineItem (ID, PurchaseID, ProductID, Quantity) values (240, 240, 8, 2);
insert into SaleLineItem (ID, PurchaseID, ProductID, Quantity) values (241, 241, 5, 9);
insert into SaleLineItem (ID, PurchaseID, ProductID, Quantity) values (242, 242, 4, 2);
insert into SaleLineItem (ID, PurchaseID, ProductID, Quantity) values (243, 243, 7, 3);
insert into SaleLineItem (ID, PurchaseID, ProductID, Quantity) values (244, 244, 3, 6);
insert into SaleLineItem (ID, PurchaseID, ProductID, Quantity) values (245, 245, 6, 5);
insert into SaleLineItem (ID, PurchaseID, ProductID, Quantity) values (246, 246, 1, 3);
insert into SaleLineItem (ID, PurchaseID, ProductID, Quantity) values (247, 247, 1, 2);
insert into SaleLineItem (ID, PurchaseID, ProductID, Quantity) values (248, 248, 6, 10);
insert into SaleLineItem (ID, PurchaseID, ProductID, Quantity) values (249, 249, 4, 5);
insert into SaleLineItem (ID, PurchaseID, ProductID, Quantity) values (250, 250, 6, 5);
insert into SaleLineItem (ID, PurchaseID, ProductID, Quantity) values (251, 251, 7, 4);
insert into SaleLineItem (ID, PurchaseID, ProductID, Quantity) values (252, 252, 4, 7);
insert into SaleLineItem (ID, PurchaseID, ProductID, Quantity) values (253, 253, 10, 10);
insert into SaleLineItem (ID, PurchaseID, ProductID, Quantity) values (254, 254, 9, 1);
insert into SaleLineItem (ID, PurchaseID, ProductID, Quantity) values (255, 255, 5, 1);
insert into SaleLineItem (ID, PurchaseID, ProductID, Quantity) values (256, 256, 4, 5);
insert into SaleLineItem (ID, PurchaseID, ProductID, Quantity) values (257, 257, 7, 10);
insert into SaleLineItem (ID, PurchaseID, ProductID, Quantity) values (258, 258, 7, 10);
insert into SaleLineItem (ID, PurchaseID, ProductID, Quantity) values (259, 259, 1, 9);
insert into SaleLineItem (ID, PurchaseID, ProductID, Quantity) values (260, 260, 6, 9);
insert into SaleLineItem (ID, PurchaseID, ProductID, Quantity) values (261, 261, 8, 1);
insert into SaleLineItem (ID, PurchaseID, ProductID, Quantity) values (262, 262, 8, 5);
insert into SaleLineItem (ID, PurchaseID, ProductID, Quantity) values (263, 263, 10, 3);
insert into SaleLineItem (ID, PurchaseID, ProductID, Quantity) values (264, 264, 7, 2);
insert into SaleLineItem (ID, PurchaseID, ProductID, Quantity) values (265, 265, 10, 3);
insert into SaleLineItem (ID, PurchaseID, ProductID, Quantity) values (266, 266, 5, 10);
insert into SaleLineItem (ID, PurchaseID, ProductID, Quantity) values (267, 267, 4, 6);
insert into SaleLineItem (ID, PurchaseID, ProductID, Quantity) values (268, 268, 7, 7);
insert into SaleLineItem (ID, PurchaseID, ProductID, Quantity) values (269, 269, 5, 6);
insert into SaleLineItem (ID, PurchaseID, ProductID, Quantity) values (270, 270, 10, 8);
insert into SaleLineItem (ID, PurchaseID, ProductID, Quantity) values (271, 271, 4, 7);
insert into SaleLineItem (ID, PurchaseID, ProductID, Quantity) values (272, 272, 4, 3);
insert into SaleLineItem (ID, PurchaseID, ProductID, Quantity) values (273, 273, 2, 4);
insert into SaleLineItem (ID, PurchaseID, ProductID, Quantity) values (274, 274, 10, 9);
insert into SaleLineItem (ID, PurchaseID, ProductID, Quantity) values (275, 275, 7, 11);
insert into SaleLineItem (ID, PurchaseID, ProductID, Quantity) values (276, 276, 6, 1);
insert into SaleLineItem (ID, PurchaseID, ProductID, Quantity) values (277, 277, 4, 3);
insert into SaleLineItem (ID, PurchaseID, ProductID, Quantity) values (278, 278, 8, 5);
insert into SaleLineItem (ID, PurchaseID, ProductID, Quantity) values (279, 279, 8, 8);
insert into SaleLineItem (ID, PurchaseID, ProductID, Quantity) values (280, 280, 9, 7);
insert into SaleLineItem (ID, PurchaseID, ProductID, Quantity) values (281, 281, 10, 12);
insert into SaleLineItem (ID, PurchaseID, ProductID, Quantity) values (282, 282, 7, 3);
insert into SaleLineItem (ID, PurchaseID, ProductID, Quantity) values (283, 283, 9, 4);
insert into SaleLineItem (ID, PurchaseID, ProductID, Quantity) values (284, 284, 6, 1);
insert into SaleLineItem (ID, PurchaseID, ProductID, Quantity) values (285, 285, 3, 3);
insert into SaleLineItem (ID, PurchaseID, ProductID, Quantity) values (286, 286, 2, 11);
insert into SaleLineItem (ID, PurchaseID, ProductID, Quantity) values (287, 287, 7, 12);
insert into SaleLineItem (ID, PurchaseID, ProductID, Quantity) values (288, 288, 5, 1);
insert into SaleLineItem (ID, PurchaseID, ProductID, Quantity) values (289, 289, 2, 9);
insert into SaleLineItem (ID, PurchaseID, ProductID, Quantity) values (290, 290, 6, 10);
insert into SaleLineItem (ID, PurchaseID, ProductID, Quantity) values (291, 291, 3, 9);
insert into SaleLineItem (ID, PurchaseID, ProductID, Quantity) values (292, 292, 9, 4);
insert into SaleLineItem (ID, PurchaseID, ProductID, Quantity) values (293, 293, 7, 3);
insert into SaleLineItem (ID, PurchaseID, ProductID, Quantity) values (294, 294, 1, 7);
insert into SaleLineItem (ID, PurchaseID, ProductID, Quantity) values (295, 295, 5, 10);
insert into SaleLineItem (ID, PurchaseID, ProductID, Quantity) values (296, 296, 7, 3);
insert into SaleLineItem (ID, PurchaseID, ProductID, Quantity) values (297, 297, 4, 2);
insert into SaleLineItem (ID, PurchaseID, ProductID, Quantity) values (298, 298, 1, 4);
insert into SaleLineItem (ID, PurchaseID, ProductID, Quantity) values (299, 299, 8, 10);
insert into SaleLineItem (ID, PurchaseID, ProductID, Quantity) values (300, 300, 10, 8);


-- Vender Table
insert into Vender (ID, Name) 
	values (1, 'Flour Inc.');
insert into Vender (ID, Name) 
	values (2, 'Eggs Inc.');
insert into Vender (ID, Name) 
	values (3, 'Milk Co.');
insert into Vender (ID, Name) 
	values (4, 'Budder Inc.');
insert into Vender (ID, Name) 
	values (5, 'Whip Cream Inc.');
insert into Vender (ID, Name) 
	values (6, 'Sugar Co.');
insert into Vender (ID, Name) 
	values (7, 'Chocolate Inc.');
insert into Vender (ID, Name) 
	values (8, 'Yeast Inc.');
insert into Vender (ID, Name) 
	values (9, 'Sugar Inc.');
insert into Vender (ID, Name) 
	values (10, 'Co Co.');


-- Order Table
insert into `Order` (ID, Date, EmployeeID, VenderID, ShopID) 
	values (1, '1998-10-12', 2, 1, 2);
insert into `Order` (ID, Date, EmployeeID, VenderID, ShopID) 
	values (2, '1999-02-23', 1, 2, 1);
insert into `Order` (ID, Date, EmployeeID, VenderID, ShopID) 
	values (3, '2009-10-14', 2, 3, 3);
insert into `Order` (ID, Date, EmployeeID, VenderID, ShopID) 
	values (4, '1998-10-12', 3, 4, 4);
insert into `Order` (ID, Date, EmployeeID, VenderID, ShopID) 
	values (5, '1999-02-23', 4, 5, 5);
insert into `Order` (ID, Date, EmployeeID, VenderID, ShopID) 
	values (6, '2009-10-14', 5, 6, 6);
insert into `Order` (ID, Date, EmployeeID, VenderID, ShopID) 
	values (7, '1998-10-12', 6, 7, 7);
insert into `Order` (ID, Date, EmployeeID, VenderID, ShopID) 
	values (8, '1999-02-23', 7, 8, 8);
insert into `Order` (ID, Date, EmployeeID, VenderID, ShopID) 
	values (9, '2009-10-14', 8, 9, 9);
insert into `Order` (ID, Date, EmployeeID, VenderID, ShopID) 
	values (10, '2009-10-14', 9, 10, 10);

-- Ingredient Table
insert into Ingredient (ID, Name) 
	values (1, 'Wheat Flour');
insert into Ingredient (ID, Name) 
	values (2, 'Milk');
insert into Ingredient (ID, Name) 
	values (3, 'Eggs');
insert into Ingredient (ID, Name) 
	values (4, 'Butter');
insert into Ingredient (ID, Name) 
	values (5, 'Heavy Whipping Cream');
insert into Ingredient (ID, Name) 
	values (6, 'Light Whipping Cream');
insert into Ingredient (ID, Name) 
	values (7, 'Sugar');
insert into Ingredient (ID, Name) 
	values (8, 'Chocolate');
insert into Ingredient (ID, Name) 
	values (9, 'Yeast');
insert into Ingredient (ID, Name) 
	values (10, 'Love');

-- UnitOfMeasure Table
insert into UnitOfMeasure (ID, Name) 
	values (1, 'Gallon');
insert into UnitOfMeasure (ID, Name) 
	values (2, 'Each');
insert into UnitOfMeasure (ID, Name) 
	values (3, 'Cup');
insert into UnitOfMeasure (ID, Name) 
	values (4, 'Pound');
insert into UnitOfMeasure (ID, Name) 
	values (5, 'Tablespoon');
insert into UnitOfMeasure (ID, Name) 
	values (6, 'Ounce');
insert into UnitOfMeasure (ID, Name) 
	values (7, 'Teaspoon');
insert into UnitOfMeasure (ID, Name) 
	values (8, 'Pint');
insert into UnitOfMeasure (ID, Name) 
	values (9, 'Quart');
insert into UnitOfMeasure (ID, Name) 
	values (10, 'Pinch');

-- OrderLineItem Table
insert into OrderLineItem (ID, OrderID, IngredientID, UnitOfMeasureID, Quantity, Price) 
	values (1, 1, 1, 3, 20, 4.25);
insert into OrderLineItem (ID, OrderID, IngredientID, UnitOfMeasureID, Quantity, Price) 
	values (2, 2, 2, 1, 100, 2.00);
insert into OrderLineItem (ID, OrderID, IngredientID, UnitOfMeasureID, Quantity, Price) 
	values (3, 3, 3, 2, 240, 4.75);
insert into OrderLineItem (ID, OrderID, IngredientID, UnitOfMeasureID, Quantity, Price) 
	values (4, 4, 1, 3, 20, 4.25);
insert into OrderLineItem (ID, OrderID, IngredientID, UnitOfMeasureID, Quantity, Price) 
	values (5, 5, 2, 1, 100, 2.00);
insert into OrderLineItem (ID, OrderID, IngredientID, UnitOfMeasureID, Quantity, Price) 
	values (6, 6, 3, 2, 240, 4.75);
insert into OrderLineItem (ID, OrderID, IngredientID, UnitOfMeasureID, Quantity, Price) 
	values (7, 7, 1, 3, 20, 4.25);
insert into OrderLineItem (ID, OrderID, IngredientID, UnitOfMeasureID, Quantity, Price) 
	values (8, 8, 2, 1, 100, 2.00);
insert into OrderLineItem (ID, OrderID, IngredientID, UnitOfMeasureID, Quantity, Price) 
	values (9, 9, 3, 2, 240, 4.75);
insert into OrderLineItem (ID, OrderID, IngredientID, UnitOfMeasureID, Quantity, Price) 
	values (10, 10, 3, 2, 240, 4.75);

-- RecipeLineItem Table
insert into RecipeLineItem (ID, RecipeID, IngredientID, UnitOfMeasureID, Quantity) 
	values (1, 1, 2, 3, 2);
insert into RecipeLineItem (ID, RecipeID, IngredientID, UnitOfMeasureID, Quantity) 
	values (2, 1, 3, 2, 4);
insert into RecipeLineItem (ID, RecipeID, IngredientID, UnitOfMeasureID, Quantity) 
	values (3, 1, 9, 7, 2);
insert into RecipeLineItem (ID, RecipeID, IngredientID, UnitOfMeasureID, Quantity) 
	values (4, 1, 7, 4, 10);
insert into RecipeLineItem (ID, RecipeID, IngredientID, UnitOfMeasureID, Quantity) 
	values (5, 1, 10, 10, 1);
insert into RecipeLineItem (ID, RecipeID, IngredientID, UnitOfMeasureID, Quantity) 
	values (6, 2, 1, 3, 4);
insert into RecipeLineItem (ID, RecipeID, IngredientID, UnitOfMeasureID, Quantity) 
	values (7, 1, 2, 3, 2);
insert into RecipeLineItem (ID, RecipeID, IngredientID, UnitOfMeasureID, Quantity) 
	values (8, 1, 3, 2, 4);
insert into RecipeLineItem (ID, RecipeID, IngredientID, UnitOfMeasureID, Quantity) 
	values (9, 1, 9, 7, 2);
insert into RecipeLineItem (ID, RecipeID, IngredientID, UnitOfMeasureID, Quantity) 
	values (10, 3, 3, 2, 2);
insert into RecipeLineItem (ID, RecipeID, IngredientID, UnitOfMeasureID, Quantity) 
	values (11, 1, 2, 3, 2);
insert into RecipeLineItem (ID, RecipeID, IngredientID, UnitOfMeasureID, Quantity) 
	values (12, 1, 3, 2, 4);
insert into RecipeLineItem (ID, RecipeID, IngredientID, UnitOfMeasureID, Quantity) 
	values (13, 1, 9, 7, 2);
insert into RecipeLineItem (ID, RecipeID, IngredientID, UnitOfMeasureID, Quantity) 
	values (14, 4, 2, 3, 2);
insert into RecipeLineItem (ID, RecipeID, IngredientID, UnitOfMeasureID, Quantity) 
	values (15, 1, 2, 3, 2);
insert into RecipeLineItem (ID, RecipeID, IngredientID, UnitOfMeasureID, Quantity) 
	values (16, 1, 3, 2, 4);
insert into RecipeLineItem (ID, RecipeID, IngredientID, UnitOfMeasureID, Quantity) 
	values (17, 1, 9, 7, 2);
insert into RecipeLineItem (ID, RecipeID, IngredientID, UnitOfMeasureID, Quantity) 
	values (18, 5, 1, 3, 4);
insert into RecipeLineItem (ID, RecipeID, IngredientID, UnitOfMeasureID, Quantity) 
	values (19, 1, 2, 3, 2);
insert into RecipeLineItem (ID, RecipeID, IngredientID, UnitOfMeasureID, Quantity) 
	values (20, 1, 3, 2, 4);
insert into RecipeLineItem (ID, RecipeID, IngredientID, UnitOfMeasureID, Quantity) 
	values (21, 1, 9, 7, 2);
insert into RecipeLineItem (ID, RecipeID, IngredientID, UnitOfMeasureID, Quantity) 
	values (22, 6, 3, 2, 2);
insert into RecipeLineItem (ID, RecipeID, IngredientID, UnitOfMeasureID, Quantity) 
	values (23, 1, 2, 3, 2);
insert into RecipeLineItem (ID, RecipeID, IngredientID, UnitOfMeasureID, Quantity) 
	values (24, 1, 3, 2, 4);
insert into RecipeLineItem (ID, RecipeID, IngredientID, UnitOfMeasureID, Quantity) 
	values (25, 1, 9, 7, 2);
insert into RecipeLineItem (ID, RecipeID, IngredientID, UnitOfMeasureID, Quantity) 
	values (26, 7, 2, 3, 2);
insert into RecipeLineItem (ID, RecipeID, IngredientID, UnitOfMeasureID, Quantity) 
	values (27, 1, 2, 3, 2);
insert into RecipeLineItem (ID, RecipeID, IngredientID, UnitOfMeasureID, Quantity) 
	values (28, 1, 3, 2, 4);
insert into RecipeLineItem (ID, RecipeID, IngredientID, UnitOfMeasureID, Quantity) 
	values (29, 1, 9, 7, 2);
insert into RecipeLineItem (ID, RecipeID, IngredientID, UnitOfMeasureID, Quantity) 
	values (30, 8, 1, 3, 4);
insert into RecipeLineItem (ID, RecipeID, IngredientID, UnitOfMeasureID, Quantity) 
	values (31, 1, 2, 3, 2);
insert into RecipeLineItem (ID, RecipeID, IngredientID, UnitOfMeasureID, Quantity) 
	values (32, 1, 3, 2, 4);
insert into RecipeLineItem (ID, RecipeID, IngredientID, UnitOfMeasureID, Quantity) 
	values (33, 1, 9, 7, 2);
insert into RecipeLineItem (ID, RecipeID, IngredientID, UnitOfMeasureID, Quantity) 
	values (34, 9, 3, 2, 2);
insert into RecipeLineItem (ID, RecipeID, IngredientID, UnitOfMeasureID, Quantity) 
	values (35, 1, 2, 3, 2);
insert into RecipeLineItem (ID, RecipeID, IngredientID, UnitOfMeasureID, Quantity) 
	values (36, 1, 3, 2, 4);
insert into RecipeLineItem (ID, RecipeID, IngredientID, UnitOfMeasureID, Quantity) 
	values (37, 1, 9, 7, 2);
insert into RecipeLineItem (ID, RecipeID, IngredientID, UnitOfMeasureID, Quantity) 
	values (38, 10, 3, 2, 2);
insert into RecipeLineItem (ID, RecipeID, IngredientID, UnitOfMeasureID, Quantity) 
	values (39, 1, 2, 3, 2);
insert into RecipeLineItem (ID, RecipeID, IngredientID, UnitOfMeasureID, Quantity) 
	values (40, 1, 3, 2, 4);
insert into RecipeLineItem (ID, RecipeID, IngredientID, UnitOfMeasureID, Quantity) 
	values (41, 1, 9, 7, 2);
    
-- EmployeeLineItem Table
insert into EmployeeLineItem (ID, HireDate, EmployeeID, ShopID) 
	values (1, '1997-02-23', 1, 1);
insert into EmployeeLineItem (ID, HireDate, EmployeeID, ShopID) 
	values (2, '2008-11-07', 2, 2);
insert into EmployeeLineItem (ID, HireDate, EmployeeID, ShopID) 
	values (3, '2008-11-07', 2, 3);
insert into EmployeeLineItem (ID, HireDate, EmployeeID, ShopID) 
	values (4, '1997-02-23', 3, 4);
insert into EmployeeLineItem (ID, HireDate, EmployeeID, ShopID) 
	values (5, '2008-11-07', 4, 5);
insert into EmployeeLineItem (ID, HireDate, EmployeeID, ShopID) 
	values (6, '2008-11-07', 5, 6);
insert into EmployeeLineItem (ID, HireDate, EmployeeID, ShopID) 
	values (7, '1997-02-23', 6, 7);
insert into EmployeeLineItem (ID, HireDate, EmployeeID, ShopID) 
	values (8, '2008-11-07', 7, 8);
insert into EmployeeLineItem (ID, HireDate, EmployeeID, ShopID) 
	values (9, '2008-11-07', 8, 9);
insert into EmployeeLineItem (ID, HireDate, EmployeeID, ShopID) 
	values (10, '2008-11-07', 9, 10);
insert into EmployeeLineItem (ID, HireDate, EmployeeID, ShopID) 
	values (11, '2008-11-07', 10, 10);
insert into EmployeeLineItem (ID, HireDate, EmployeeID, ShopID) 
	values (12, '2008-11-07', 11, 10);